label_set,model,fold,checkpoint,checkpoint_path,checkpoint_sha256,class_id,class_name,images,instances,precision,recall,fdr,f1,map50,map50_95
new_labels,yolo26n,fold0,map_best.pt,new_labels/yolo26n/fold0/weights/map_best.pt,679901a783db034cb13c3748c21d91de04ba98d9ae26190be11dc96f3655685b,0,HM,3,4,0.80674075,0.50000000,0.19325925,0.61736863,0.54600000,0.48506667
new_labels,yolo26n,fold0,map_best.pt,new_labels/yolo26n/fold0/weights/map_best.pt,679901a783db034cb13c3748c21d91de04ba98d9ae26190be11dc96f3655685b,1,LQS,4,5,0.84910277,0.20000000,0.15089723,0.32374436,0.22031250,0.17625000
new_labels,yolo26n,fold0,map_best.pt,new_labels/yolo26n/fold0/weights/map_best.pt,679901a783db034cb13c3748c21d91de04ba98d9ae26190be11dc96f3655685b,2,QHS,41,107,0.78173389,0.65420561,0.21826611,0.71230674,0.79678872,0.48942491
new_labels,yolo26n,fold0,map_best.pt,new_labels/yolo26n/fold0/weights/map_best.pt,679901a783db034cb13c3748c21d91de04ba98d9ae26190be11dc96f3655685b,3,MS,237,378,0.82154383,0.84034434,0.17845617,0.83083774,0.87319925,0.58062827
new_labels,yolo26n,fold0,map_best.pt,new_labels/yolo26n/fold0/weights/map_best.pt,679901a783db034cb13c3748c21d91de04ba98d9ae26190be11dc96f3655685b,4,A1_SU-35,56,272,0.96248711,0.94329391,0.03751289,0.95279386,0.97484259,0.82437386
new_labels,yolo26n,fold0,map_best.pt,new_labels/yolo26n/fold0/weights/map_best.pt,679901a783db034cb13c3748c21d91de04ba98d9ae26190be11dc96f3655685b,5,A2_C-130,58,199,0.97956012,0.96330148,0.02043988,0.97136277,0.99098539,0.80647583
new_labels,yolo26n,fold0,map_best.pt,new_labels/yolo26n/fold0/weights/map_best.pt,679901a783db034cb13c3748c21d91de04ba98d9ae26190be11dc96f3655685b,6,A3_C-17,51,194,0.95492372,0.99484536,0.04507628,0.97447584,0.99213083,0.83662563
new_labels,yolo26n,fold0,map_best.pt,new_labels/yolo26n/fold0/weights/map_best.pt,679901a783db034cb13c3748c21d91de04ba98d9ae26190be11dc96f3655685b,7,A4_C-5,24,91,0.97768080,0.96276485,0.02231920,0.97016550,0.99097503,0.88885250
new_labels,yolo26n,fold0,map_best.pt,new_labels/yolo26n/fold0/weights/map_best.pt,679901a783db034cb13c3748c21d91de04ba98d9ae26190be11dc96f3655685b,8,A5_F-16,48,201,0.96928869,0.94213409,0.03071131,0.95551850,0.98987764,0.75624916
new_labels,yolo26n,fold0,map_best.pt,new_labels/yolo26n/fold0/weights/map_best.pt,679901a783db034cb13c3748c21d91de04ba98d9ae26190be11dc96f3655685b,9,A6_TU-160,18,64,0.99080714,1.00000000,0.00919286,0.99538235,0.99500000,0.84299401
new_labels,yolo26n,fold0,map_best.pt,new_labels/yolo26n/fold0/weights/map_best.pt,679901a783db034cb13c3748c21d91de04ba98d9ae26190be11dc96f3655685b,10,A7_E-3,31,88,0.91177509,0.93954258,0.08822491,0.92545060,0.98417010,0.83704766
new_labels,yolo26n,fold0,map_best.pt,new_labels/yolo26n/fold0/weights/map_best.pt,679901a783db034cb13c3748c21d91de04ba98d9ae26190be11dc96f3655685b,11,A8_B-52,33,114,0.98242513,0.99122807,0.01757487,0.98680697,0.99500000,0.86593633
new_labels,yolo26n,fold0,map_best.pt,new_labels/yolo26n/fold0/weights/map_best.pt,679901a783db034cb13c3748c21d91de04ba98d9ae26190be11dc96f3655685b,12,A9_P-3C,38,127,0.92539018,1.00000000,0.07460982,0.96124950,0.98495658,0.80005108
new_labels,yolo26n,fold0,map_best.pt,new_labels/yolo26n/fold0/weights/map_best.pt,679901a783db034cb13c3748c21d91de04ba98d9ae26190be11dc96f3655685b,13,A10_B-1B,31,141,0.97240466,0.99966172,0.02759534,0.98584482,0.99465271,0.81023680
new_labels,yolo26n,fold0,map_best.pt,new_labels/yolo26n/fold0/weights/map_best.pt,679901a783db034cb13c3748c21d91de04ba98d9ae26190be11dc96f3655685b,14,A11_E-8,31,84,0.91020499,0.90476190,0.08979501,0.90747528,0.96841036,0.82428291
new_labels,yolo26n,fold0,map_best.pt,new_labels/yolo26n/fold0/weights/map_best.pt,679901a783db034cb13c3748c21d91de04ba98d9ae26190be11dc96f3655685b,15,A12_TU-22,37,129,1.00000000,0.99690894,0.00000000,0.99845208,0.99500000,0.79732957
new_labels,yolo26n,fold0,map_best.pt,new_labels/yolo26n/fold0/weights/map_best.pt,679901a783db034cb13c3748c21d91de04ba98d9ae26190be11dc96f3655685b,16,A13_F-15,43,239,0.93981956,0.98013040,0.06018044,0.95955180,0.98820463,0.78377193
new_labels,yolo26n,fold0,map_best.pt,new_labels/yolo26n/fold0/weights/map_best.pt,679901a783db034cb13c3748c21d91de04ba98d9ae26190be11dc96f3655685b,17,A14_KC-135,72,273,0.95663992,0.98534799,0.04336008,0.97078176,0.98826550,0.82810495
new_labels,yolo26n,fold0,map_best.pt,new_labels/yolo26n/fold0/weights/map_best.pt,679901a783db034cb13c3748c21d91de04ba98d9ae26190be11dc96f3655685b,18,A15_F-22,23,89,0.92030727,0.90830249,0.07969273,0.91426547,0.96862726,0.73589195
new_labels,yolo26n,fold0,map_best.pt,new_labels/yolo26n/fold0/weights/map_best.pt,679901a783db034cb13c3748c21d91de04ba98d9ae26190be11dc96f3655685b,19,A16_FA-18,49,394,0.98991110,0.99613145,0.01008890,0.99301153,0.99476952,0.82487910
new_labels,yolo26n,fold0,map_best.pt,new_labels/yolo26n/fold0/weights/map_best.pt,679901a783db034cb13c3748c21d91de04ba98d9ae26190be11dc96f3655685b,20,A17_TU-95,60,215,0.97878262,0.96279070,0.02121738,0.97072080,0.99253032,0.85944353
new_labels,yolo26n,fold0,map_best.pt,new_labels/yolo26n/fold0/weights/map_best.pt,679901a783db034cb13c3748c21d91de04ba98d9ae26190be11dc96f3655685b,21,A18_KC-10,17,40,0.97756258,0.85000000,0.02243742,0.90932940,0.97491329,0.85075221
new_labels,yolo26n,fold0,map_best.pt,new_labels/yolo26n/fold0/weights/map_best.pt,679901a783db034cb13c3748c21d91de04ba98d9ae26190be11dc96f3655685b,22,A19_SU-34,57,172,0.94145211,0.84140481,0.05854789,0.88862132,0.96320006,0.79854138
new_labels,yolo26n,fold0,map_best.pt,new_labels/yolo26n/fold0/weights/map_best.pt,679901a783db034cb13c3748c21d91de04ba98d9ae26190be11dc96f3655685b,23,A20_SU-24,40,136,0.98977162,0.96323529,0.01022838,0.97632318,0.99343291,0.86252848
new_labels,yolo26n,fold0,map_best.pt,new_labels/yolo26n/fold0/weights/map_best.pt,679901a783db034cb13c3748c21d91de04ba98d9ae26190be11dc96f3655685b,24,FSC,14,71,0.80313593,0.47887324,0.19686407,0.59999618,0.58127739,0.31771684
new_labels,yolo26n,fold0,precision_fdr_best.pt,new_labels/yolo26n/fold0/weights/precision_fdr_best.pt,63155ef3c6227734419971af06e0af61db8c81a1804c3e5cfe745a2f1cb415f0,0,HM,3,4,0.81870851,0.50000000,0.18129149,0.62084115,0.59700000,0.54180000
new_labels,yolo26n,fold0,precision_fdr_best.pt,new_labels/yolo26n/fold0/weights/precision_fdr_best.pt,63155ef3c6227734419971af06e0af61db8c81a1804c3e5cfe745a2f1cb415f0,1,LQS,4,5,1.00000000,0.00000000,0.00000000,0.00000000,0.12642857,0.10114286
new_labels,yolo26n,fold0,precision_fdr_best.pt,new_labels/yolo26n/fold0/weights/precision_fdr_best.pt,63155ef3c6227734419971af06e0af61db8c81a1804c3e5cfe745a2f1cb415f0,2,QHS,41,107,0.84774431,0.62445518,0.15225569,0.71916656,0.75310842,0.46886850
new_labels,yolo26n,fold0,precision_fdr_best.pt,new_labels/yolo26n/fold0/weights/precision_fdr_best.pt,63155ef3c6227734419971af06e0af61db8c81a1804c3e5cfe745a2f1cb415f0,3,MS,237,378,0.84778495,0.84920635,0.15221505,0.84849505,0.87963497,0.58680173
new_labels,yolo26n,fold0,precision_fdr_best.pt,new_labels/yolo26n/fold0/weights/precision_fdr_best.pt,63155ef3c6227734419971af06e0af61db8c81a1804c3e5cfe745a2f1cb415f0,4,A1_SU-35,56,272,0.97716215,0.94383298,0.02283785,0.96020844,0.97860706,0.82679474
new_labels,yolo26n,fold0,precision_fdr_best.pt,new_labels/yolo26n/fold0/weights/precision_fdr_best.pt,63155ef3c6227734419971af06e0af61db8c81a1804c3e5cfe745a2f1cb415f0,5,A2_C-130,58,199,0.99006467,0.95979899,0.00993533,0.97469694,0.98698680,0.80110532
new_labels,yolo26n,fold0,precision_fdr_best.pt,new_labels/yolo26n/fold0/weights/precision_fdr_best.pt,63155ef3c6227734419971af06e0af61db8c81a1804c3e5cfe745a2f1cb415f0,6,A3_C-17,51,194,0.97193892,0.98969072,0.02806108,0.98073450,0.99389257,0.83444169
new_labels,yolo26n,fold0,precision_fdr_best.pt,new_labels/yolo26n/fold0/weights/precision_fdr_best.pt,63155ef3c6227734419971af06e0af61db8c81a1804c3e5cfe745a2f1cb415f0,7,A4_C-5,24,91,0.95692145,0.97802198,0.04307855,0.96735666,0.99244574,0.88394091
new_labels,yolo26n,fold0,precision_fdr_best.pt,new_labels/yolo26n/fold0/weights/precision_fdr_best.pt,63155ef3c6227734419971af06e0af61db8c81a1804c3e5cfe745a2f1cb415f0,8,A5_F-16,48,201,0.97696621,0.94527363,0.02303379,0.96085866,0.99045320,0.75706629
new_labels,yolo26n,fold0,precision_fdr_best.pt,new_labels/yolo26n/fold0/weights/precision_fdr_best.pt,63155ef3c6227734419971af06e0af61db8c81a1804c3e5cfe745a2f1cb415f0,9,A6_TU-160,18,64,0.98991408,1.00000000,0.01008592,0.99493148,0.99500000,0.83348557
new_labels,yolo26n,fold0,precision_fdr_best.pt,new_labels/yolo26n/fold0/weights/precision_fdr_best.pt,63155ef3c6227734419971af06e0af61db8c81a1804c3e5cfe745a2f1cb415f0,10,A7_E-3,31,88,0.95200009,0.95454545,0.04799991,0.95327107,0.98485625,0.83986121
new_labels,yolo26n,fold0,precision_fdr_best.pt,new_labels/yolo26n/fold0/weights/precision_fdr_best.pt,63155ef3c6227734419971af06e0af61db8c81a1804c3e5cfe745a2f1cb415f0,11,A8_B-52,33,114,0.99483198,1.00000000,0.00516802,0.99740929,0.99500000,0.87203908
new_labels,yolo26n,fold0,precision_fdr_best.pt,new_labels/yolo26n/fold0/weights/precision_fdr_best.pt,63155ef3c6227734419971af06e0af61db8c81a1804c3e5cfe745a2f1cb415f0,12,A9_P-3C,38,127,0.93829722,1.00000000,0.06170278,0.96816650,0.98334010,0.79419481
new_labels,yolo26n,fold0,precision_fdr_best.pt,new_labels/yolo26n/fold0/weights/precision_fdr_best.pt,63155ef3c6227734419971af06e0af61db8c81a1804c3e5cfe745a2f1cb415f0,13,A10_B-1B,31,141,0.99587991,1.00000000,0.00412009,0.99793570,0.99500000,0.81627533
new_labels,yolo26n,fold0,precision_fdr_best.pt,new_labels/yolo26n/fold0/weights/precision_fdr_best.pt,63155ef3c6227734419971af06e0af61db8c81a1804c3e5cfe745a2f1cb415f0,14,A11_E-8,31,84,0.90253172,0.90476190,0.09746828,0.90364544,0.93887817,0.79635368
new_labels,yolo26n,fold0,precision_fdr_best.pt,new_labels/yolo26n/fold0/weights/precision_fdr_best.pt,63155ef3c6227734419971af06e0af61db8c81a1804c3e5cfe745a2f1cb415f0,15,A12_TU-22,37,129,0.99640229,0.99224806,0.00359771,0.99432084,0.99500000,0.80033712
new_labels,yolo26n,fold0,precision_fdr_best.pt,new_labels/yolo26n/fold0/weights/precision_fdr_best.pt,63155ef3c6227734419971af06e0af61db8c81a1804c3e5cfe745a2f1cb415f0,16,A13_F-15,43,239,0.97488533,0.97449586,0.02511467,0.97469055,0.99238922,0.78919686
new_labels,yolo26n,fold0,precision_fdr_best.pt,new_labels/yolo26n/fold0/weights/precision_fdr_best.pt,63155ef3c6227734419971af06e0af61db8c81a1804c3e5cfe745a2f1cb415f0,17,A14_KC-135,72,273,0.96886677,0.98901099,0.03113323,0.97883525,0.99280166,0.83039687
new_labels,yolo26n,fold0,precision_fdr_best.pt,new_labels/yolo26n/fold0/weights/precision_fdr_best.pt,63155ef3c6227734419971af06e0af61db8c81a1804c3e5cfe745a2f1cb415f0,18,A15_F-22,23,89,0.94631054,0.86516854,0.05368946,0.90392223,0.96546659,0.72029503
new_labels,yolo26n,fold0,precision_fdr_best.pt,new_labels/yolo26n/fold0/weights/precision_fdr_best.pt,63155ef3c6227734419971af06e0af61db8c81a1804c3e5cfe745a2f1cb415f0,19,A16_FA-18,49,394,0.98776100,0.98984772,0.01223900,0.98880326,0.99474533,0.82381003
new_labels,yolo26n,fold0,precision_fdr_best.pt,new_labels/yolo26n/fold0/weights/precision_fdr_best.pt,63155ef3c6227734419971af06e0af61db8c81a1804c3e5cfe745a2f1cb415f0,20,A17_TU-95,60,215,0.96766351,0.97430159,0.03233649,0.97097120,0.99251238,0.85591046
new_labels,yolo26n,fold0,precision_fdr_best.pt,new_labels/yolo26n/fold0/weights/precision_fdr_best.pt,63155ef3c6227734419971af06e0af61db8c81a1804c3e5cfe745a2f1cb415f0,21,A18_KC-10,17,40,1.00000000,0.82889516,0.00000000,0.90644361,0.98030886,0.83660091
new_labels,yolo26n,fold0,precision_fdr_best.pt,new_labels/yolo26n/fold0/weights/precision_fdr_best.pt,63155ef3c6227734419971af06e0af61db8c81a1804c3e5cfe745a2f1cb415f0,22,A19_SU-34,57,172,0.97411394,0.87514490,0.02588606,0.92198110,0.96741224,0.80382175
new_labels,yolo26n,fold0,precision_fdr_best.pt,new_labels/yolo26n/fold0/weights/precision_fdr_best.pt,63155ef3c6227734419971af06e0af61db8c81a1804c3e5cfe745a2f1cb415f0,23,A20_SU-24,40,136,0.98516109,0.97633844,0.01483891,0.98072992,0.98884747,0.85726743
new_labels,yolo26n,fold0,precision_fdr_best.pt,new_labels/yolo26n/fold0/weights/precision_fdr_best.pt,63155ef3c6227734419971af06e0af61db8c81a1804c3e5cfe745a2f1cb415f0,24,FSC,14,71,0.79657662,0.56338028,0.20342338,0.65998497,0.60658227,0.32315487
new_labels,yolo26n,fold0,recall_best.pt,new_labels/yolo26n/fold0/weights/recall_best.pt,c805a3f60eb1a369ffd85e69556e6dde2436649790fb1d871aa82d9345f82566,0,HM,3,4,0.68993982,0.50000000,0.31006018,0.57981068,0.53750000,0.44541667
new_labels,yolo26n,fold0,recall_best.pt,new_labels/yolo26n/fold0/weights/recall_best.pt,c805a3f60eb1a369ffd85e69556e6dde2436649790fb1d871aa82d9345f82566,1,LQS,4,5,0.45440797,0.20000000,0.54559203,0.27775210,0.13125000,0.10500000
new_labels,yolo26n,fold0,recall_best.pt,new_labels/yolo26n/fold0/weights/recall_best.pt,c805a3f60eb1a369ffd85e69556e6dde2436649790fb1d871aa82d9345f82566,2,QHS,41,107,0.70518737,0.69301639,0.29481263,0.69904891,0.77705051,0.48874581
new_labels,yolo26n,fold0,recall_best.pt,new_labels/yolo26n/fold0/weights/recall_best.pt,c805a3f60eb1a369ffd85e69556e6dde2436649790fb1d871aa82d9345f82566,3,MS,237,378,0.73472814,0.89393052,0.26527186,0.80654826,0.87947566,0.58084150
new_labels,yolo26n,fold0,recall_best.pt,new_labels/yolo26n/fold0/weights/recall_best.pt,c805a3f60eb1a369ffd85e69556e6dde2436649790fb1d871aa82d9345f82566,4,A1_SU-35,56,272,0.93160316,0.94852941,0.06839684,0.93999009,0.97864940,0.82580041
new_labels,yolo26n,fold0,recall_best.pt,new_labels/yolo26n/fold0/weights/recall_best.pt,c805a3f60eb1a369ffd85e69556e6dde2436649790fb1d871aa82d9345f82566,5,A2_C-130,58,199,0.96483055,0.96984925,0.03516945,0.96733339,0.99080146,0.80091705
new_labels,yolo26n,fold0,recall_best.pt,new_labels/yolo26n/fold0/weights/recall_best.pt,c805a3f60eb1a369ffd85e69556e6dde2436649790fb1d871aa82d9345f82566,6,A3_C-17,51,194,0.94592439,0.99484536,0.05407561,0.96976830,0.99364922,0.83640777
new_labels,yolo26n,fold0,recall_best.pt,new_labels/yolo26n/fold0/weights/recall_best.pt,c805a3f60eb1a369ffd85e69556e6dde2436649790fb1d871aa82d9345f82566,7,A4_C-5,24,91,0.94940477,0.97802198,0.05059523,0.96350093,0.99104915,0.88768159
new_labels,yolo26n,fold0,recall_best.pt,new_labels/yolo26n/fold0/weights/recall_best.pt,c805a3f60eb1a369ffd85e69556e6dde2436649790fb1d871aa82d9345f82566,8,A5_F-16,48,201,0.92831407,0.96019900,0.07168593,0.94398737,0.98567502,0.75167468
new_labels,yolo26n,fold0,recall_best.pt,new_labels/yolo26n/fold0/weights/recall_best.pt,c805a3f60eb1a369ffd85e69556e6dde2436649790fb1d871aa82d9345f82566,9,A6_TU-160,18,64,0.96389842,1.00000000,0.03610158,0.98161739,0.99500000,0.82315336
new_labels,yolo26n,fold0,recall_best.pt,new_labels/yolo26n/fold0/weights/recall_best.pt,c805a3f60eb1a369ffd85e69556e6dde2436649790fb1d871aa82d9345f82566,10,A7_E-3,31,88,0.90198918,0.97727273,0.09801082,0.93812302,0.98549733,0.83713175
new_labels,yolo26n,fold0,recall_best.pt,new_labels/yolo26n/fold0/weights/recall_best.pt,c805a3f60eb1a369ffd85e69556e6dde2436649790fb1d871aa82d9345f82566,11,A8_B-52,33,114,0.98035836,1.00000000,0.01964164,0.99008178,0.99500000,0.86592111
new_labels,yolo26n,fold0,recall_best.pt,new_labels/yolo26n/fold0/weights/recall_best.pt,c805a3f60eb1a369ffd85e69556e6dde2436649790fb1d871aa82d9345f82566,12,A9_P-3C,38,127,0.91467486,1.00000000,0.08532514,0.95543623,0.98179833,0.79552658
new_labels,yolo26n,fold0,recall_best.pt,new_labels/yolo26n/fold0/weights/recall_best.pt,c805a3f60eb1a369ffd85e69556e6dde2436649790fb1d871aa82d9345f82566,13,A10_B-1B,31,141,0.98684081,1.00000000,0.01315919,0.99337682,0.99500000,0.80398848
new_labels,yolo26n,fold0,recall_best.pt,new_labels/yolo26n/fold0/weights/recall_best.pt,c805a3f60eb1a369ffd85e69556e6dde2436649790fb1d871aa82d9345f82566,14,A11_E-8,31,84,0.88825128,0.94630091,0.11174872,0.91635768,0.96400715,0.82467494
new_labels,yolo26n,fold0,recall_best.pt,new_labels/yolo26n/fold0/weights/recall_best.pt,c805a3f60eb1a369ffd85e69556e6dde2436649790fb1d871aa82d9345f82566,15,A12_TU-22,37,129,0.98624249,0.99224806,0.01375751,0.98923616,0.99476744,0.79590920
new_labels,yolo26n,fold0,recall_best.pt,new_labels/yolo26n/fold0/weights/recall_best.pt,c805a3f60eb1a369ffd85e69556e6dde2436649790fb1d871aa82d9345f82566,16,A13_F-15,43,239,0.94755315,0.98272144,0.05244685,0.96481692,0.98985464,0.78760250
new_labels,yolo26n,fold0,recall_best.pt,new_labels/yolo26n/fold0/weights/recall_best.pt,c805a3f60eb1a369ffd85e69556e6dde2436649790fb1d871aa82d9345f82566,17,A14_KC-135,72,273,0.94530259,0.98901099,0.05469741,0.96666296,0.98942347,0.82854743
new_labels,yolo26n,fold0,recall_best.pt,new_labels/yolo26n/fold0/weights/recall_best.pt,c805a3f60eb1a369ffd85e69556e6dde2436649790fb1d871aa82d9345f82566,18,A15_F-22,23,89,0.86776585,0.95505618,0.13223415,0.90932096,0.96515343,0.71147871
new_labels,yolo26n,fold0,recall_best.pt,new_labels/yolo26n/fold0/weights/recall_best.pt,c805a3f60eb1a369ffd85e69556e6dde2436649790fb1d871aa82d9345f82566,19,A16_FA-18,49,394,0.97263769,1.00000000,0.02736231,0.98612908,0.99466690,0.82319708
new_labels,yolo26n,fold0,recall_best.pt,new_labels/yolo26n/fold0/weights/recall_best.pt,c805a3f60eb1a369ffd85e69556e6dde2436649790fb1d871aa82d9345f82566,20,A17_TU-95,60,215,0.94887437,0.98139535,0.05112563,0.96486091,0.99301756,0.85855291
new_labels,yolo26n,fold0,recall_best.pt,new_labels/yolo26n/fold0/weights/recall_best.pt,c805a3f60eb1a369ffd85e69556e6dde2436649790fb1d871aa82d9345f82566,21,A18_KC-10,17,40,1.00000000,0.87212055,0.00000000,0.93169273,0.96847500,0.84406375
new_labels,yolo26n,fold0,recall_best.pt,new_labels/yolo26n/fold0/weights/recall_best.pt,c805a3f60eb1a369ffd85e69556e6dde2436649790fb1d871aa82d9345f82566,22,A19_SU-34,57,172,0.87339792,0.90697674,0.12660208,0.88987067,0.95747002,0.79615594
new_labels,yolo26n,fold0,recall_best.pt,new_labels/yolo26n/fold0/weights/recall_best.pt,c805a3f60eb1a369ffd85e69556e6dde2436649790fb1d871aa82d9345f82566,23,A20_SU-24,40,136,0.97264105,0.97794118,0.02735895,0.97528391,0.98860955,0.85253293
new_labels,yolo26n,fold0,recall_best.pt,new_labels/yolo26n/fold0/weights/recall_best.pt,c805a3f60eb1a369ffd85e69556e6dde2436649790fb1d871aa82d9345f82566,24,FSC,14,71,0.66871085,0.59154930,0.33128915,0.62776790,0.58106263,0.32623185
new_labels,yolo26s,fold0,map_best.pt,new_labels/yolo26s/fold0/weights/map_best.pt,6e336a3fc93b2b0e1c84640e667d67de00f2f31ea484c71dad5a57f5931c9f85,0,HM,3,4,0.66666667,0.50000000,0.33333333,0.57142857,0.66500000,0.60633333
new_labels,yolo26s,fold0,map_best.pt,new_labels/yolo26s/fold0/weights/map_best.pt,6e336a3fc93b2b0e1c84640e667d67de00f2f31ea484c71dad5a57f5931c9f85,1,LQS,4,5,0.44602270,0.20000000,0.55397730,0.27616534,0.26250000,0.21000000
new_labels,yolo26s,fold0,map_best.pt,new_labels/yolo26s/fold0/weights/map_best.pt,6e336a3fc93b2b0e1c84640e667d67de00f2f31ea484c71dad5a57f5931c9f85,2,QHS,41,107,0.81530578,0.75700935,0.18469422,0.78507684,0.80731530,0.53659054
new_labels,yolo26s,fold0,map_best.pt,new_labels/yolo26s/fold0/weights/map_best.pt,6e336a3fc93b2b0e1c84640e667d67de00f2f31ea484c71dad5a57f5931c9f85,3,MS,237,378,0.79040803,0.89417989,0.20959197,0.83909775,0.89700786,0.59103855
new_labels,yolo26s,fold0,map_best.pt,new_labels/yolo26s/fold0/weights/map_best.pt,6e336a3fc93b2b0e1c84640e667d67de00f2f31ea484c71dad5a57f5931c9f85,4,A1_SU-35,56,272,0.95385382,0.95955882,0.04614618,0.95669781,0.98510910,0.83434678
new_labels,yolo26s,fold0,map_best.pt,new_labels/yolo26s/fold0/weights/map_best.pt,6e336a3fc93b2b0e1c84640e667d67de00f2f31ea484c71dad5a57f5931c9f85,5,A2_C-130,58,199,0.93832342,0.98994975,0.06167658,0.96344548,0.99367948,0.78456049
new_labels,yolo26s,fold0,map_best.pt,new_labels/yolo26s/fold0/weights/map_best.pt,6e336a3fc93b2b0e1c84640e667d67de00f2f31ea484c71dad5a57f5931c9f85,6,A3_C-17,51,194,0.97505942,0.99484536,0.02494058,0.98485303,0.99484694,0.85440980
new_labels,yolo26s,fold0,map_best.pt,new_labels/yolo26s/fold0/weights/map_best.pt,6e336a3fc93b2b0e1c84640e667d67de00f2f31ea484c71dad5a57f5931c9f85,7,A4_C-5,24,91,0.96220841,1.00000000,0.03779159,0.98074028,0.99390790,0.88609219
new_labels,yolo26s,fold0,map_best.pt,new_labels/yolo26s/fold0/weights/map_best.pt,6e336a3fc93b2b0e1c84640e667d67de00f2f31ea484c71dad5a57f5931c9f85,8,A5_F-16,48,201,0.92203939,0.94145634,0.07796061,0.93164671,0.98716611,0.76109066
new_labels,yolo26s,fold0,map_best.pt,new_labels/yolo26s/fold0/weights/map_best.pt,6e336a3fc93b2b0e1c84640e667d67de00f2f31ea484c71dad5a57f5931c9f85,9,A6_TU-160,18,64,0.98612386,1.00000000,0.01387614,0.99301346,0.99500000,0.84021146
new_labels,yolo26s,fold0,map_best.pt,new_labels/yolo26s/fold0/weights/map_best.pt,6e336a3fc93b2b0e1c84640e667d67de00f2f31ea484c71dad5a57f5931c9f85,10,A7_E-3,31,88,0.94501355,0.97727273,0.05498645,0.96087246,0.98705612,0.83509569
new_labels,yolo26s,fold0,map_best.pt,new_labels/yolo26s/fold0/weights/map_best.pt,6e336a3fc93b2b0e1c84640e667d67de00f2f31ea484c71dad5a57f5931c9f85,11,A8_B-52,33,114,0.96931599,1.00000000,0.03068401,0.98441895,0.99439271,0.87215824
new_labels,yolo26s,fold0,map_best.pt,new_labels/yolo26s/fold0/weights/map_best.pt,6e336a3fc93b2b0e1c84640e667d67de00f2f31ea484c71dad5a57f5931c9f85,12,A9_P-3C,38,127,0.93702835,0.99212598,0.06297165,0.96379036,0.98914768,0.79562179
new_labels,yolo26s,fold0,map_best.pt,new_labels/yolo26s/fold0/weights/map_best.pt,6e336a3fc93b2b0e1c84640e667d67de00f2f31ea484c71dad5a57f5931c9f85,13,A10_B-1B,31,141,0.97078768,1.00000000,0.02921232,0.98517734,0.99492958,0.80996928
new_labels,yolo26s,fold0,map_best.pt,new_labels/yolo26s/fold0/weights/map_best.pt,6e336a3fc93b2b0e1c84640e667d67de00f2f31ea484c71dad5a57f5931c9f85,14,A11_E-8,31,84,0.87071214,0.92857143,0.12928786,0.89871150,0.97401674,0.80736776
new_labels,yolo26s,fold0,map_best.pt,new_labels/yolo26s/fold0/weights/map_best.pt,6e336a3fc93b2b0e1c84640e667d67de00f2f31ea484c71dad5a57f5931c9f85,15,A12_TU-22,37,129,0.95560500,1.00000000,0.04439500,0.97729859,0.99500000,0.83127473
new_labels,yolo26s,fold0,map_best.pt,new_labels/yolo26s/fold0/weights/map_best.pt,6e336a3fc93b2b0e1c84640e667d67de00f2f31ea484c71dad5a57f5931c9f85,16,A13_F-15,43,239,0.90157704,0.98326360,0.09842296,0.94065023,0.97363051,0.77273978
new_labels,yolo26s,fold0,map_best.pt,new_labels/yolo26s/fold0/weights/map_best.pt,6e336a3fc93b2b0e1c84640e667d67de00f2f31ea484c71dad5a57f5931c9f85,17,A14_KC-135,72,273,0.92687944,0.99633700,0.07312056,0.96035398,0.99212435,0.83195169
new_labels,yolo26s,fold0,map_best.pt,new_labels/yolo26s/fold0/weights/map_best.pt,6e336a3fc93b2b0e1c84640e667d67de00f2f31ea484c71dad5a57f5931c9f85,18,A15_F-22,23,89,0.96600026,0.95773036,0.03399974,0.96184753,0.99106738,0.76369600
new_labels,yolo26s,fold0,map_best.pt,new_labels/yolo26s/fold0/weights/map_best.pt,6e336a3fc93b2b0e1c84640e667d67de00f2f31ea484c71dad5a57f5931c9f85,19,A16_FA-18,49,394,0.97722584,0.97969543,0.02277416,0.97845908,0.99435324,0.82277616
new_labels,yolo26s,fold0,map_best.pt,new_labels/yolo26s/fold0/weights/map_best.pt,6e336a3fc93b2b0e1c84640e667d67de00f2f31ea484c71dad5a57f5931c9f85,20,A17_TU-95,60,215,0.97096892,1.00000000,0.02903108,0.98527066,0.99490698,0.88968762
new_labels,yolo26s,fold0,map_best.pt,new_labels/yolo26s/fold0/weights/map_best.pt,6e336a3fc93b2b0e1c84640e667d67de00f2f31ea484c71dad5a57f5931c9f85,21,A18_KC-10,17,40,0.94852900,0.92149971,0.05147100,0.93481901,0.97459942,0.83468476
new_labels,yolo26s,fold0,map_best.pt,new_labels/yolo26s/fold0/weights/map_best.pt,6e336a3fc93b2b0e1c84640e667d67de00f2f31ea484c71dad5a57f5931c9f85,22,A19_SU-34,57,172,0.91332055,0.99418605,0.08667945,0.95203922,0.98059298,0.86057377
new_labels,yolo26s,fold0,map_best.pt,new_labels/yolo26s/fold0/weights/map_best.pt,6e336a3fc93b2b0e1c84640e667d67de00f2f31ea484c71dad5a57f5931c9f85,23,A20_SU-24,40,136,0.96492650,0.99264706,0.03507350,0.97859051,0.99463816,0.87069155
new_labels,yolo26s,fold0,map_best.pt,new_labels/yolo26s/fold0/weights/map_best.pt,6e336a3fc93b2b0e1c84640e667d67de00f2f31ea484c71dad5a57f5931c9f85,24,FSC,14,71,0.70288417,0.60563380,0.29711583,0.65064511,0.65809475,0.37441558
new_labels,yolo26s,fold0,precision_fdr_best.pt,new_labels/yolo26s/fold0/weights/precision_fdr_best.pt,dff9b09e1e408836f1423a088252cd27691dff8b492dde926084d75825dc57c4,0,HM,3,4,0.83718406,0.50000000,0.16281594,0.62607990,0.62250000,0.54150000
new_labels,yolo26s,fold0,precision_fdr_best.pt,new_labels/yolo26s/fold0/weights/precision_fdr_best.pt,dff9b09e1e408836f1423a088252cd27691dff8b492dde926084d75825dc57c4,1,LQS,4,5,0.91704545,0.20000000,0.08295455,0.32838250,0.24000000,0.19200000
new_labels,yolo26s,fold0,precision_fdr_best.pt,new_labels/yolo26s/fold0/weights/precision_fdr_best.pt,dff9b09e1e408836f1423a088252cd27691dff8b492dde926084d75825dc57c4,2,QHS,41,107,0.89276754,0.62249982,0.10723246,0.73353079,0.78015522,0.51226917
new_labels,yolo26s,fold0,precision_fdr_best.pt,new_labels/yolo26s/fold0/weights/precision_fdr_best.pt,dff9b09e1e408836f1423a088252cd27691dff8b492dde926084d75825dc57c4,3,MS,237,378,0.87270068,0.81746032,0.12729932,0.84417777,0.89802297,0.58051289
new_labels,yolo26s,fold0,precision_fdr_best.pt,new_labels/yolo26s/fold0/weights/precision_fdr_best.pt,dff9b09e1e408836f1423a088252cd27691dff8b492dde926084d75825dc57c4,4,A1_SU-35,56,272,0.98830683,0.93382353,0.01169317,0.96029301,0.98465512,0.82910557
new_labels,yolo26s,fold0,precision_fdr_best.pt,new_labels/yolo26s/fold0/weights/precision_fdr_best.pt,dff9b09e1e408836f1423a088252cd27691dff8b492dde926084d75825dc57c4,5,A2_C-130,58,199,0.99476126,0.95420096,0.00523874,0.97405905,0.99337742,0.78862886
new_labels,yolo26s,fold0,precision_fdr_best.pt,new_labels/yolo26s/fold0/weights/precision_fdr_best.pt,dff9b09e1e408836f1423a088252cd27691dff8b492dde926084d75825dc57c4,6,A3_C-17,51,194,0.98898223,0.99484536,0.01101777,0.99190513,0.99489691,0.84941188
new_labels,yolo26s,fold0,precision_fdr_best.pt,new_labels/yolo26s/fold0/weights/precision_fdr_best.pt,dff9b09e1e408836f1423a088252cd27691dff8b492dde926084d75825dc57c4,7,A4_C-5,24,91,0.97813248,0.98310485,0.02186752,0.98061236,0.99357457,0.88958492
new_labels,yolo26s,fold0,precision_fdr_best.pt,new_labels/yolo26s/fold0/weights/precision_fdr_best.pt,dff9b09e1e408836f1423a088252cd27691dff8b492dde926084d75825dc57c4,8,A5_F-16,48,201,0.99020925,0.90547264,0.00979075,0.94594709,0.98972508,0.75261817
new_labels,yolo26s,fold0,precision_fdr_best.pt,new_labels/yolo26s/fold0/weights/precision_fdr_best.pt,dff9b09e1e408836f1423a088252cd27691dff8b492dde926084d75825dc57c4,9,A6_TU-160,18,64,0.99591214,1.00000000,0.00408786,0.99795189,0.99500000,0.83824204
new_labels,yolo26s,fold0,precision_fdr_best.pt,new_labels/yolo26s/fold0/weights/precision_fdr_best.pt,dff9b09e1e408836f1423a088252cd27691dff8b492dde926084d75825dc57c4,10,A7_E-3,31,88,0.96588362,0.96517041,0.03411638,0.96552688,0.98963114,0.84709884
new_labels,yolo26s,fold0,precision_fdr_best.pt,new_labels/yolo26s/fold0/weights/precision_fdr_best.pt,dff9b09e1e408836f1423a088252cd27691dff8b492dde926084d75825dc57c4,11,A8_B-52,33,114,0.99128377,0.99763402,0.00871623,0.99444876,0.98769565,0.86454799
new_labels,yolo26s,fold0,precision_fdr_best.pt,new_labels/yolo26s/fold0/weights/precision_fdr_best.pt,dff9b09e1e408836f1423a088252cd27691dff8b492dde926084d75825dc57c4,12,A9_P-3C,38,127,0.97816852,0.98425197,0.02183148,0.98120082,0.99040491,0.79798684
new_labels,yolo26s,fold0,precision_fdr_best.pt,new_labels/yolo26s/fold0/weights/precision_fdr_best.pt,dff9b09e1e408836f1423a088252cd27691dff8b492dde926084d75825dc57c4,13,A10_B-1B,31,141,0.99896551,1.00000000,0.00103449,0.99948249,0.99500000,0.80820983
new_labels,yolo26s,fold0,precision_fdr_best.pt,new_labels/yolo26s/fold0/weights/precision_fdr_best.pt,dff9b09e1e408836f1423a088252cd27691dff8b492dde926084d75825dc57c4,14,A11_E-8,31,84,0.96600115,0.85714286,0.03399885,0.90832209,0.97246754,0.81228342
new_labels,yolo26s,fold0,precision_fdr_best.pt,new_labels/yolo26s/fold0/weights/precision_fdr_best.pt,dff9b09e1e408836f1423a088252cd27691dff8b492dde926084d75825dc57c4,15,A12_TU-22,37,129,0.99787658,0.99224806,0.00212342,0.99505436,0.99500000,0.83077034
new_labels,yolo26s,fold0,precision_fdr_best.pt,new_labels/yolo26s/fold0/weights/precision_fdr_best.pt,dff9b09e1e408836f1423a088252cd27691dff8b492dde926084d75825dc57c4,16,A13_F-15,43,239,0.93830668,0.97489540,0.06169332,0.95625117,0.97713729,0.76459681
new_labels,yolo26s,fold0,precision_fdr_best.pt,new_labels/yolo26s/fold0/weights/precision_fdr_best.pt,dff9b09e1e408836f1423a088252cd27691dff8b492dde926084d75825dc57c4,17,A14_KC-135,72,273,0.97740305,0.98168498,0.02259695,0.97953933,0.99268934,0.82838524
new_labels,yolo26s,fold0,precision_fdr_best.pt,new_labels/yolo26s/fold0/weights/precision_fdr_best.pt,dff9b09e1e408836f1423a088252cd27691dff8b492dde926084d75825dc57c4,18,A15_F-22,23,89,0.96601672,0.94382022,0.03398328,0.95478949,0.98969604,0.76127404
new_labels,yolo26s,fold0,precision_fdr_best.pt,new_labels/yolo26s/fold0/weights/precision_fdr_best.pt,dff9b09e1e408836f1423a088252cd27691dff8b492dde926084d75825dc57c4,19,A16_FA-18,49,394,0.99084759,0.97461929,0.00915241,0.98266644,0.99452194,0.82052636
new_labels,yolo26s,fold0,precision_fdr_best.pt,new_labels/yolo26s/fold0/weights/precision_fdr_best.pt,dff9b09e1e408836f1423a088252cd27691dff8b492dde926084d75825dc57c4,20,A17_TU-95,60,215,1.00000000,0.98344197,0.00000000,0.99165187,0.99500000,0.88866987
new_labels,yolo26s,fold0,precision_fdr_best.pt,new_labels/yolo26s/fold0/weights/precision_fdr_best.pt,dff9b09e1e408836f1423a088252cd27691dff8b492dde926084d75825dc57c4,21,A18_KC-10,17,40,1.00000000,0.86744749,0.00000000,0.92901942,0.99133700,0.86141949
new_labels,yolo26s,fold0,precision_fdr_best.pt,new_labels/yolo26s/fold0/weights/precision_fdr_best.pt,dff9b09e1e408836f1423a088252cd27691dff8b492dde926084d75825dc57c4,22,A19_SU-34,57,172,0.96010129,0.97674419,0.03989871,0.96835123,0.98216450,0.85032058
new_labels,yolo26s,fold0,precision_fdr_best.pt,new_labels/yolo26s/fold0/weights/precision_fdr_best.pt,dff9b09e1e408836f1423a088252cd27691dff8b492dde926084d75825dc57c4,23,A20_SU-24,40,136,1.00000000,0.97980345,0.00000000,0.98979871,0.99492647,0.86642459
new_labels,yolo26s,fold0,precision_fdr_best.pt,new_labels/yolo26s/fold0/weights/precision_fdr_best.pt,dff9b09e1e408836f1423a088252cd27691dff8b492dde926084d75825dc57c4,24,FSC,14,71,0.83738262,0.54929577,0.16261738,0.66341372,0.63513622,0.36672524
new_labels,yolo26s,fold0,recall_best.pt,new_labels/yolo26s/fold0/weights/recall_best.pt,1b5e7556dc21fb3e88b6a6585ab06ba54bdb471c835c5dea80d1d2ddd02553b1,0,HM,3,4,0.77311071,0.86555356,0.22688929,0.81672462,0.89500000,0.68417172
new_labels,yolo26s,fold0,recall_best.pt,new_labels/yolo26s/fold0/weights/recall_best.pt,1b5e7556dc21fb3e88b6a6585ab06ba54bdb471c835c5dea80d1d2ddd02553b1,1,LQS,4,5,0.60372298,0.20000000,0.39627702,0.30046322,0.22392857,0.17914286
new_labels,yolo26s,fold0,recall_best.pt,new_labels/yolo26s/fold0/weights/recall_best.pt,1b5e7556dc21fb3e88b6a6585ab06ba54bdb471c835c5dea80d1d2ddd02553b1,2,QHS,41,107,0.70626381,0.67289720,0.29373619,0.68917688,0.77020874,0.45666868
new_labels,yolo26s,fold0,recall_best.pt,new_labels/yolo26s/fold0/weights/recall_best.pt,1b5e7556dc21fb3e88b6a6585ab06ba54bdb471c835c5dea80d1d2ddd02553b1,3,MS,237,378,0.74523916,0.88995844,0.25476084,0.81119478,0.88228330,0.57591670
new_labels,yolo26s,fold0,recall_best.pt,new_labels/yolo26s/fold0/weights/recall_best.pt,1b5e7556dc21fb3e88b6a6585ab06ba54bdb471c835c5dea80d1d2ddd02553b1,4,A1_SU-35,56,272,0.86484593,0.95588235,0.13515407,0.90808823,0.97225212,0.81491121
new_labels,yolo26s,fold0,recall_best.pt,new_labels/yolo26s/fold0/weights/recall_best.pt,1b5e7556dc21fb3e88b6a6585ab06ba54bdb471c835c5dea80d1d2ddd02553b1,5,A2_C-130,58,199,0.97280879,0.97989950,0.02719121,0.97634127,0.99394548,0.78609845
new_labels,yolo26s,fold0,recall_best.pt,new_labels/yolo26s/fold0/weights/recall_best.pt,1b5e7556dc21fb3e88b6a6585ab06ba54bdb471c835c5dea80d1d2ddd02553b1,6,A3_C-17,51,194,0.95834304,0.99484536,0.04165696,0.97625311,0.99433912,0.84057823
new_labels,yolo26s,fold0,recall_best.pt,new_labels/yolo26s/fold0/weights/recall_best.pt,1b5e7556dc21fb3e88b6a6585ab06ba54bdb471c835c5dea80d1d2ddd02553b1,7,A4_C-5,24,91,0.96796240,0.99607059,0.03203760,0.98181536,0.99436170,0.88037821
new_labels,yolo26s,fold0,recall_best.pt,new_labels/yolo26s/fold0/weights/recall_best.pt,1b5e7556dc21fb3e88b6a6585ab06ba54bdb471c835c5dea80d1d2ddd02553b1,8,A5_F-16,48,201,0.95807673,0.95024876,0.04192327,0.95414669,0.97945064,0.74058252
new_labels,yolo26s,fold0,recall_best.pt,new_labels/yolo26s/fold0/weights/recall_best.pt,1b5e7556dc21fb3e88b6a6585ab06ba54bdb471c835c5dea80d1d2ddd02553b1,9,A6_TU-160,18,64,0.99873107,1.00000000,0.00126893,0.99936513,0.99500000,0.82031976
new_labels,yolo26s,fold0,recall_best.pt,new_labels/yolo26s/fold0/weights/recall_best.pt,1b5e7556dc21fb3e88b6a6585ab06ba54bdb471c835c5dea80d1d2ddd02553b1,10,A7_E-3,31,88,0.94519091,0.97985981,0.05480909,0.96221318,0.98508692,0.81300452
new_labels,yolo26s,fold0,recall_best.pt,new_labels/yolo26s/fold0/weights/recall_best.pt,1b5e7556dc21fb3e88b6a6585ab06ba54bdb471c835c5dea80d1d2ddd02553b1,11,A8_B-52,33,114,0.94827143,1.00000000,0.05172857,0.97344899,0.99447360,0.85916068
new_labels,yolo26s,fold0,recall_best.pt,new_labels/yolo26s/fold0/weights/recall_best.pt,1b5e7556dc21fb3e88b6a6585ab06ba54bdb471c835c5dea80d1d2ddd02553b1,12,A9_P-3C,38,127,0.88360245,0.99212598,0.11639755,0.93472481,0.98524570,0.78204571
new_labels,yolo26s,fold0,recall_best.pt,new_labels/yolo26s/fold0/weights/recall_best.pt,1b5e7556dc21fb3e88b6a6585ab06ba54bdb471c835c5dea80d1d2ddd02553b1,13,A10_B-1B,31,141,0.95452229,1.00000000,0.04547771,0.97673206,0.99443148,0.80349273
new_labels,yolo26s,fold0,recall_best.pt,new_labels/yolo26s/fold0/weights/recall_best.pt,1b5e7556dc21fb3e88b6a6585ab06ba54bdb471c835c5dea80d1d2ddd02553b1,14,A11_E-8,31,84,0.81655345,0.97619048,0.18344655,0.88926443,0.96769921,0.80280234
new_labels,yolo26s,fold0,recall_best.pt,new_labels/yolo26s/fold0/weights/recall_best.pt,1b5e7556dc21fb3e88b6a6585ab06ba54bdb471c835c5dea80d1d2ddd02553b1,15,A12_TU-22,37,129,0.95445822,0.97479525,0.04554178,0.96451955,0.99146511,0.80454090
new_labels,yolo26s,fold0,recall_best.pt,new_labels/yolo26s/fold0/weights/recall_best.pt,1b5e7556dc21fb3e88b6a6585ab06ba54bdb471c835c5dea80d1d2ddd02553b1,16,A13_F-15,43,239,0.90920598,0.99163180,0.09079402,0.94863178,0.97977533,0.77984890
new_labels,yolo26s,fold0,recall_best.pt,new_labels/yolo26s/fold0/weights/recall_best.pt,1b5e7556dc21fb3e88b6a6585ab06ba54bdb471c835c5dea80d1d2ddd02553b1,17,A14_KC-135,72,273,0.90521906,0.97955630,0.09478094,0.94092172,0.98894573,0.81386065
new_labels,yolo26s,fold0,recall_best.pt,new_labels/yolo26s/fold0/weights/recall_best.pt,1b5e7556dc21fb3e88b6a6585ab06ba54bdb471c835c5dea80d1d2ddd02553b1,18,A15_F-22,23,89,0.96689916,0.98465955,0.03310084,0.97569854,0.97938486,0.71444163
new_labels,yolo26s,fold0,recall_best.pt,new_labels/yolo26s/fold0/weights/recall_best.pt,1b5e7556dc21fb3e88b6a6585ab06ba54bdb471c835c5dea80d1d2ddd02553b1,19,A16_FA-18,49,394,0.97806193,0.98984772,0.02193807,0.98391953,0.99295571,0.81110511
new_labels,yolo26s,fold0,recall_best.pt,new_labels/yolo26s/fold0/weights/recall_best.pt,1b5e7556dc21fb3e88b6a6585ab06ba54bdb471c835c5dea80d1d2ddd02553b1,20,A17_TU-95,60,215,0.95119020,0.99069767,0.04880980,0.97054205,0.99416528,0.86347870
new_labels,yolo26s,fold0,recall_best.pt,new_labels/yolo26s/fold0/weights/recall_best.pt,1b5e7556dc21fb3e88b6a6585ab06ba54bdb471c835c5dea80d1d2ddd02553b1,21,A18_KC-10,17,40,0.96083143,0.90000000,0.03916857,0.92942141,0.96463308,0.82907952
new_labels,yolo26s,fold0,recall_best.pt,new_labels/yolo26s/fold0/weights/recall_best.pt,1b5e7556dc21fb3e88b6a6585ab06ba54bdb471c835c5dea80d1d2ddd02553b1,22,A19_SU-34,57,172,0.92524248,0.88372093,0.07475752,0.90400518,0.97513896,0.83458604
new_labels,yolo26s,fold0,recall_best.pt,new_labels/yolo26s/fold0/weights/recall_best.pt,1b5e7556dc21fb3e88b6a6585ab06ba54bdb471c835c5dea80d1d2ddd02553b1,23,A20_SU-24,40,136,0.87387289,0.99264706,0.12612711,0.92948093,0.99366881,0.85723649
new_labels,yolo26s,fold0,recall_best.pt,new_labels/yolo26s/fold0/weights/recall_best.pt,1b5e7556dc21fb3e88b6a6585ab06ba54bdb471c835c5dea80d1d2ddd02553b1,24,FSC,14,71,0.66839223,0.67605634,0.33160777,0.67220244,0.64191598,0.33297682
new_labels,yolo26n,fold1,map_best.pt,new_labels/yolo26n/fold1/weights/map_best.pt,557733237da63a161e44fabe0ef80999b82cbab512ad4c1f7bba879e2598d74e,0,HM,3,4,0.73174067,1.00000000,0.26825933,0.84509266,0.99500000,0.92365000
new_labels,yolo26n,fold1,map_best.pt,new_labels/yolo26n/fold1/weights/map_best.pt,557733237da63a161e44fabe0ef80999b82cbab512ad4c1f7bba879e2598d74e,1,LQS,5,5,0.64109647,0.20000000,0.35890353,0.30488606,0.35628788,0.27870455
new_labels,yolo26n,fold1,map_best.pt,new_labels/yolo26n/fold1/weights/map_best.pt,557733237da63a161e44fabe0ef80999b82cbab512ad4c1f7bba879e2598d74e,2,QHS,40,86,0.63326996,0.58139535,0.36673004,0.60622495,0.60419141,0.40234378
new_labels,yolo26n,fold1,map_best.pt,new_labels/yolo26n/fold1/weights/map_best.pt,557733237da63a161e44fabe0ef80999b82cbab512ad4c1f7bba879e2598d74e,3,MS,238,364,0.80141841,0.79395604,0.19858159,0.79766978,0.83417520,0.57202746
new_labels,yolo26n,fold1,map_best.pt,new_labels/yolo26n/fold1/weights/map_best.pt,557733237da63a161e44fabe0ef80999b82cbab512ad4c1f7bba879e2598d74e,4,A1_SU-35,56,277,0.92077398,0.96501592,0.07922602,0.94237598,0.97170774,0.83747443
new_labels,yolo26n,fold1,map_best.pt,new_labels/yolo26n/fold1/weights/map_best.pt,557733237da63a161e44fabe0ef80999b82cbab512ad4c1f7bba879e2598d74e,5,A2_C-130,58,311,0.98368001,0.99678457,0.01631999,0.99018893,0.99500000,0.81123769
new_labels,yolo26n,fold1,map_best.pt,new_labels/yolo26n/fold1/weights/map_best.pt,557733237da63a161e44fabe0ef80999b82cbab512ad4c1f7bba879e2598d74e,6,A3_C-17,52,223,0.97103154,0.99551570,0.02896846,0.98312120,0.99445893,0.84068902
new_labels,yolo26n,fold1,map_best.pt,new_labels/yolo26n/fold1/weights/map_best.pt,557733237da63a161e44fabe0ef80999b82cbab512ad4c1f7bba879e2598d74e,7,A4_C-5,23,114,0.97398094,0.98510435,0.02601906,0.97951107,0.99395466,0.84835872
new_labels,yolo26n,fold1,map_best.pt,new_labels/yolo26n/fold1/weights/map_best.pt,557733237da63a161e44fabe0ef80999b82cbab512ad4c1f7bba879e2598d74e,8,A5_F-16,48,187,0.92751938,0.95805216,0.07248062,0.94253856,0.98127819,0.74636702
new_labels,yolo26n,fold1,map_best.pt,new_labels/yolo26n/fold1/weights/map_best.pt,557733237da63a161e44fabe0ef80999b82cbab512ad4c1f7bba879e2598d74e,9,A6_TU-160,17,79,0.99312859,1.00000000,0.00687141,0.99655245,0.99500000,0.84861051
new_labels,yolo26n,fold1,map_best.pt,new_labels/yolo26n/fold1/weights/map_best.pt,557733237da63a161e44fabe0ef80999b82cbab512ad4c1f7bba879e2598d74e,10,A7_E-3,31,105,0.94948637,0.98095238,0.05051363,0.96496293,0.99272041,0.83779759
new_labels,yolo26n,fold1,map_best.pt,new_labels/yolo26n/fold1/weights/map_best.pt,557733237da63a161e44fabe0ef80999b82cbab512ad4c1f7bba879e2598d74e,11,A8_B-52,33,140,0.95796359,0.97857143,0.04203641,0.96815786,0.99218063,0.85342431
new_labels,yolo26n,fold1,map_best.pt,new_labels/yolo26n/fold1/weights/map_best.pt,557733237da63a161e44fabe0ef80999b82cbab512ad4c1f7bba879e2598d74e,12,A9_P-3C,38,177,1.00000000,0.97680302,0.00000000,0.98826541,0.99331897,0.79959223
new_labels,yolo26n,fold1,map_best.pt,new_labels/yolo26n/fold1/weights/map_best.pt,557733237da63a161e44fabe0ef80999b82cbab512ad4c1f7bba879e2598d74e,13,A10_B-1B,31,167,0.99317219,0.95808383,0.00682781,0.97531252,0.98415202,0.82758131
new_labels,yolo26n,fold1,map_best.pt,new_labels/yolo26n/fold1/weights/map_best.pt,557733237da63a161e44fabe0ef80999b82cbab512ad4c1f7bba879e2598d74e,14,A11_E-8,31,97,0.90977128,0.93555059,0.09022872,0.92248087,0.93717951,0.80464986
new_labels,yolo26n,fold1,map_best.pt,new_labels/yolo26n/fold1/weights/map_best.pt,557733237da63a161e44fabe0ef80999b82cbab512ad4c1f7bba879e2598d74e,15,A12_TU-22,38,129,0.99199532,0.96067856,0.00800468,0.97608582,0.97858474,0.85866515
new_labels,yolo26n,fold1,map_best.pt,new_labels/yolo26n/fold1/weights/map_best.pt,557733237da63a161e44fabe0ef80999b82cbab512ad4c1f7bba879e2598d74e,16,A13_F-15,42,234,0.94050701,0.94582379,0.05949299,0.94315791,0.97913124,0.77498016
new_labels,yolo26n,fold1,map_best.pt,new_labels/yolo26n/fold1/weights/map_best.pt,557733237da63a161e44fabe0ef80999b82cbab512ad4c1f7bba879e2598d74e,17,A14_KC-135,72,289,0.94533472,0.95740852,0.05466528,0.95133331,0.98502570,0.80832811
new_labels,yolo26n,fold1,map_best.pt,new_labels/yolo26n/fold1/weights/map_best.pt,557733237da63a161e44fabe0ef80999b82cbab512ad4c1f7bba879e2598d74e,18,A15_F-22,23,87,0.89354644,0.86835453,0.10645356,0.88077038,0.95551030,0.74831454
new_labels,yolo26n,fold1,map_best.pt,new_labels/yolo26n/fold1/weights/map_best.pt,557733237da63a161e44fabe0ef80999b82cbab512ad4c1f7bba879e2598d74e,19,A16_FA-18,48,463,0.98921278,0.98920086,0.01078722,0.98920682,0.99489247,0.83469268
new_labels,yolo26n,fold1,map_best.pt,new_labels/yolo26n/fold1/weights/map_best.pt,557733237da63a161e44fabe0ef80999b82cbab512ad4c1f7bba879e2598d74e,20,A17_TU-95,60,220,0.91294049,0.99090909,0.08705951,0.95032826,0.97899149,0.85847529
new_labels,yolo26n,fold1,map_best.pt,new_labels/yolo26n/fold1/weights/map_best.pt,557733237da63a161e44fabe0ef80999b82cbab512ad4c1f7bba879e2598d74e,21,A18_KC-10,16,50,0.95653993,0.88039329,0.04346007,0.91688835,0.98371326,0.83807591
new_labels,yolo26n,fold1,map_best.pt,new_labels/yolo26n/fold1/weights/map_best.pt,557733237da63a161e44fabe0ef80999b82cbab512ad4c1f7bba879e2598d74e,22,A19_SU-34,56,198,0.91930338,0.91414141,0.08069662,0.91671513,0.95827185,0.77902120
new_labels,yolo26n,fold1,map_best.pt,new_labels/yolo26n/fold1/weights/map_best.pt,557733237da63a161e44fabe0ef80999b82cbab512ad4c1f7bba879e2598d74e,23,A20_SU-24,40,162,0.95546748,0.89506173,0.04453252,0.92427871,0.94118553,0.75727338
new_labels,yolo26n,fold1,map_best.pt,new_labels/yolo26n/fold1/weights/map_best.pt,557733237da63a161e44fabe0ef80999b82cbab512ad4c1f7bba879e2598d74e,24,FSC,14,70,0.78721759,0.31719209,0.21278241,0.45218581,0.45249691,0.20123541
new_labels,yolo26n,fold1,precision_fdr_best.pt,new_labels/yolo26n/fold1/weights/precision_fdr_best.pt,edbb1a8d8acea57068e8b75507b59176bb62000f8126e2eff54d56a3ae792351,0,HM,3,4,0.89237959,1.00000000,0.10762041,0.94312959,0.99500000,0.90400000
new_labels,yolo26n,fold1,precision_fdr_best.pt,new_labels/yolo26n/fold1/weights/precision_fdr_best.pt,edbb1a8d8acea57068e8b75507b59176bb62000f8126e2eff54d56a3ae792351,1,LQS,5,5,0.93645262,0.20000000,0.06354738,0.32960551,0.47293333,0.34925333
new_labels,yolo26n,fold1,precision_fdr_best.pt,new_labels/yolo26n/fold1/weights/precision_fdr_best.pt,edbb1a8d8acea57068e8b75507b59176bb62000f8126e2eff54d56a3ae792351,2,QHS,40,86,0.70536873,0.52896813,0.29463127,0.60456362,0.60637362,0.40169681
new_labels,yolo26n,fold1,precision_fdr_best.pt,new_labels/yolo26n/fold1/weights/precision_fdr_best.pt,edbb1a8d8acea57068e8b75507b59176bb62000f8126e2eff54d56a3ae792351,3,MS,238,364,0.83822521,0.75274725,0.16177479,0.79319000,0.83262836,0.57022358
new_labels,yolo26n,fold1,precision_fdr_best.pt,new_labels/yolo26n/fold1/weights/precision_fdr_best.pt,edbb1a8d8acea57068e8b75507b59176bb62000f8126e2eff54d56a3ae792351,4,A1_SU-35,56,277,0.93916383,0.94743649,0.06083617,0.94328202,0.97119876,0.83928080
new_labels,yolo26n,fold1,precision_fdr_best.pt,new_labels/yolo26n/fold1/weights/precision_fdr_best.pt,edbb1a8d8acea57068e8b75507b59176bb62000f8126e2eff54d56a3ae792351,5,A2_C-130,58,311,0.99788316,0.99678457,0.00211684,0.99733356,0.99500000,0.81134100
new_labels,yolo26n,fold1,precision_fdr_best.pt,new_labels/yolo26n/fold1/weights/precision_fdr_best.pt,edbb1a8d8acea57068e8b75507b59176bb62000f8126e2eff54d56a3ae792351,6,A3_C-17,52,223,0.98975968,0.99103139,0.01024032,0.99039513,0.99481982,0.83903117
new_labels,yolo26n,fold1,precision_fdr_best.pt,new_labels/yolo26n/fold1/weights/precision_fdr_best.pt,edbb1a8d8acea57068e8b75507b59176bb62000f8126e2eff54d56a3ae792351,7,A4_C-5,23,114,0.97392080,0.98275885,0.02607920,0.97831987,0.99448276,0.84872455
new_labels,yolo26n,fold1,precision_fdr_best.pt,new_labels/yolo26n/fold1/weights/precision_fdr_best.pt,edbb1a8d8acea57068e8b75507b59176bb62000f8126e2eff54d56a3ae792351,8,A5_F-16,48,187,0.93031066,0.92804009,0.06968934,0.92917399,0.97923122,0.74210357
new_labels,yolo26n,fold1,precision_fdr_best.pt,new_labels/yolo26n/fold1/weights/precision_fdr_best.pt,edbb1a8d8acea57068e8b75507b59176bb62000f8126e2eff54d56a3ae792351,9,A6_TU-160,17,79,0.99777272,1.00000000,0.00222728,0.99888512,0.99500000,0.84226252
new_labels,yolo26n,fold1,precision_fdr_best.pt,new_labels/yolo26n/fold1/weights/precision_fdr_best.pt,edbb1a8d8acea57068e8b75507b59176bb62000f8126e2eff54d56a3ae792351,10,A7_E-3,31,105,0.95739081,0.98095238,0.04260919,0.96902839,0.99143536,0.83829882
new_labels,yolo26n,fold1,precision_fdr_best.pt,new_labels/yolo26n/fold1/weights/precision_fdr_best.pt,edbb1a8d8acea57068e8b75507b59176bb62000f8126e2eff54d56a3ae792351,11,A8_B-52,33,140,0.94549230,0.98571429,0.05450770,0.96518443,0.98919744,0.85742496
new_labels,yolo26n,fold1,precision_fdr_best.pt,new_labels/yolo26n/fold1/weights/precision_fdr_best.pt,edbb1a8d8acea57068e8b75507b59176bb62000f8126e2eff54d56a3ae792351,12,A9_P-3C,38,177,1.00000000,0.97062206,0.00000000,0.98509205,0.99358673,0.79581761
new_labels,yolo26n,fold1,precision_fdr_best.pt,new_labels/yolo26n/fold1/weights/precision_fdr_best.pt,edbb1a8d8acea57068e8b75507b59176bb62000f8126e2eff54d56a3ae792351,13,A10_B-1B,31,167,0.99375201,0.95240630,0.00624799,0.97263997,0.98670319,0.82610735
new_labels,yolo26n,fold1,precision_fdr_best.pt,new_labels/yolo26n/fold1/weights/precision_fdr_best.pt,edbb1a8d8acea57068e8b75507b59176bb62000f8126e2eff54d56a3ae792351,14,A11_E-8,31,97,0.91578992,0.89691241,0.08421008,0.90625287,0.94284153,0.81110487
new_labels,yolo26n,fold1,precision_fdr_best.pt,new_labels/yolo26n/fold1/weights/precision_fdr_best.pt,edbb1a8d8acea57068e8b75507b59176bb62000f8126e2eff54d56a3ae792351,15,A12_TU-22,38,129,0.97756081,0.93023256,0.02243919,0.95330963,0.97589381,0.85766654
new_labels,yolo26n,fold1,precision_fdr_best.pt,new_labels/yolo26n/fold1/weights/precision_fdr_best.pt,edbb1a8d8acea57068e8b75507b59176bb62000f8126e2eff54d56a3ae792351,16,A13_F-15,42,234,0.94366085,0.93053952,0.05633915,0.93705426,0.97666384,0.76938226
new_labels,yolo26n,fold1,precision_fdr_best.pt,new_labels/yolo26n/fold1/weights/precision_fdr_best.pt,edbb1a8d8acea57068e8b75507b59176bb62000f8126e2eff54d56a3ae792351,17,A14_KC-135,72,289,0.96094040,0.95155709,0.03905960,0.95622573,0.98388644,0.80610795
new_labels,yolo26n,fold1,precision_fdr_best.pt,new_labels/yolo26n/fold1/weights/precision_fdr_best.pt,edbb1a8d8acea57068e8b75507b59176bb62000f8126e2eff54d56a3ae792351,18,A15_F-22,23,87,0.88171000,0.85679238,0.11829000,0.86907262,0.94685438,0.73465841
new_labels,yolo26n,fold1,precision_fdr_best.pt,new_labels/yolo26n/fold1/weights/precision_fdr_best.pt,edbb1a8d8acea57068e8b75507b59176bb62000f8126e2eff54d56a3ae792351,19,A16_FA-18,48,463,0.99564107,0.98667055,0.00435893,0.99113551,0.99487036,0.83172805
new_labels,yolo26n,fold1,precision_fdr_best.pt,new_labels/yolo26n/fold1/weights/precision_fdr_best.pt,edbb1a8d8acea57068e8b75507b59176bb62000f8126e2eff54d56a3ae792351,20,A17_TU-95,60,220,0.96516058,0.97272727,0.03483942,0.96892915,0.98031623,0.86071919
new_labels,yolo26n,fold1,precision_fdr_best.pt,new_labels/yolo26n/fold1/weights/precision_fdr_best.pt,edbb1a8d8acea57068e8b75507b59176bb62000f8126e2eff54d56a3ae792351,21,A18_KC-10,16,50,0.97956258,0.82000000,0.02043742,0.89270729,0.98454700,0.82776978
new_labels,yolo26n,fold1,precision_fdr_best.pt,new_labels/yolo26n/fold1/weights/precision_fdr_best.pt,edbb1a8d8acea57068e8b75507b59176bb62000f8126e2eff54d56a3ae792351,22,A19_SU-34,56,198,0.91372552,0.90932190,0.08627448,0.91151839,0.95137341,0.77391632
new_labels,yolo26n,fold1,precision_fdr_best.pt,new_labels/yolo26n/fold1/weights/precision_fdr_best.pt,edbb1a8d8acea57068e8b75507b59176bb62000f8126e2eff54d56a3ae792351,23,A20_SU-24,40,162,0.98205178,0.89506173,0.01794822,0.93654109,0.94386915,0.75243804
new_labels,yolo26n,fold1,precision_fdr_best.pt,new_labels/yolo26n/fold1/weights/precision_fdr_best.pt,edbb1a8d8acea57068e8b75507b59176bb62000f8126e2eff54d56a3ae792351,24,FSC,14,70,0.81228883,0.24741943,0.18771117,0.37930447,0.41406730,0.18320422
new_labels,yolo26n,fold1,recall_best.pt,new_labels/yolo26n/fold1/weights/recall_best.pt,7e8a8a91d45885435a01776028dc422f367748146da3072bac2fe13947a19276,0,HM,3,4,1.00000000,0.99787960,0.00000000,0.99893868,0.99500000,0.76029070
new_labels,yolo26n,fold1,recall_best.pt,new_labels/yolo26n/fold1/weights/recall_best.pt,7e8a8a91d45885435a01776028dc422f367748146da3072bac2fe13947a19276,1,LQS,5,5,1.00000000,0.29660364,0.00000000,0.45750858,0.61118421,0.30005702
new_labels,yolo26n,fold1,recall_best.pt,new_labels/yolo26n/fold1/weights/recall_best.pt,7e8a8a91d45885435a01776028dc422f367748146da3072bac2fe13947a19276,2,QHS,40,86,0.66752348,0.63953488,0.33247652,0.65322952,0.65342536,0.40397568
new_labels,yolo26n,fold1,recall_best.pt,new_labels/yolo26n/fold1/weights/recall_best.pt,7e8a8a91d45885435a01776028dc422f367748146da3072bac2fe13947a19276,3,MS,238,364,0.75648618,0.82692308,0.24351382,0.79013796,0.82532850,0.54047413
new_labels,yolo26n,fold1,recall_best.pt,new_labels/yolo26n/fold1/weights/recall_best.pt,7e8a8a91d45885435a01776028dc422f367748146da3072bac2fe13947a19276,4,A1_SU-35,56,277,0.91079141,0.95667870,0.08920859,0.93317129,0.97230825,0.81742883
new_labels,yolo26n,fold1,recall_best.pt,new_labels/yolo26n/fold1/weights/recall_best.pt,7e8a8a91d45885435a01776028dc422f367748146da3072bac2fe13947a19276,5,A2_C-130,58,311,0.96384931,0.99678457,0.03615069,0.98004031,0.99467820,0.78589046
new_labels,yolo26n,fold1,recall_best.pt,new_labels/yolo26n/fold1/weights/recall_best.pt,7e8a8a91d45885435a01776028dc422f367748146da3072bac2fe13947a19276,6,A3_C-17,52,223,0.92636198,0.98654709,0.07363802,0.95550774,0.99214705,0.82378988
new_labels,yolo26n,fold1,recall_best.pt,new_labels/yolo26n/fold1/weights/recall_best.pt,7e8a8a91d45885435a01776028dc422f367748146da3072bac2fe13947a19276,7,A4_C-5,23,114,0.91862610,0.99026605,0.08137390,0.95310177,0.99332173,0.83689687
new_labels,yolo26n,fold1,recall_best.pt,new_labels/yolo26n/fold1/weights/recall_best.pt,7e8a8a91d45885435a01776028dc422f367748146da3072bac2fe13947a19276,8,A5_F-16,48,187,0.92869506,0.90543709,0.07130494,0.91691861,0.95822432,0.71650836
new_labels,yolo26n,fold1,recall_best.pt,new_labels/yolo26n/fold1/weights/recall_best.pt,7e8a8a91d45885435a01776028dc422f367748146da3072bac2fe13947a19276,9,A6_TU-160,17,79,0.94036576,0.98734177,0.05963424,0.96328139,0.99372727,0.81660723
new_labels,yolo26n,fold1,recall_best.pt,new_labels/yolo26n/fold1/weights/recall_best.pt,7e8a8a91d45885435a01776028dc422f367748146da3072bac2fe13947a19276,10,A7_E-3,31,105,0.91226323,0.99026187,0.08773677,0.94966368,0.98826168,0.83794295
new_labels,yolo26n,fold1,recall_best.pt,new_labels/yolo26n/fold1/weights/recall_best.pt,7e8a8a91d45885435a01776028dc422f367748146da3072bac2fe13947a19276,11,A8_B-52,33,140,0.80245276,0.99285714,0.19754724,0.88755813,0.97838603,0.82266591
new_labels,yolo26n,fold1,recall_best.pt,new_labels/yolo26n/fold1/weights/recall_best.pt,7e8a8a91d45885435a01776028dc422f367748146da3072bac2fe13947a19276,12,A9_P-3C,38,177,0.97447455,0.99435028,0.02552545,0.98431209,0.99257422,0.79984954
new_labels,yolo26n,fold1,recall_best.pt,new_labels/yolo26n/fold1/weights/recall_best.pt,7e8a8a91d45885435a01776028dc422f367748146da3072bac2fe13947a19276,13,A10_B-1B,31,167,0.94767383,0.96407186,0.05232617,0.95580252,0.98984862,0.79627297
new_labels,yolo26n,fold1,recall_best.pt,new_labels/yolo26n/fold1/weights/recall_best.pt,7e8a8a91d45885435a01776028dc422f367748146da3072bac2fe13947a19276,14,A11_E-8,31,97,0.84015792,0.81282514,0.15984208,0.82626555,0.87132834,0.73716379
new_labels,yolo26n,fold1,recall_best.pt,new_labels/yolo26n/fold1/weights/recall_best.pt,7e8a8a91d45885435a01776028dc422f367748146da3072bac2fe13947a19276,15,A12_TU-22,38,129,0.91161327,0.96124031,0.08838673,0.93576928,0.96997186,0.83547598
new_labels,yolo26n,fold1,recall_best.pt,new_labels/yolo26n/fold1/weights/recall_best.pt,7e8a8a91d45885435a01776028dc422f367748146da3072bac2fe13947a19276,16,A13_F-15,42,234,0.87568681,0.96153846,0.12431319,0.91660676,0.96979085,0.77246028
new_labels,yolo26n,fold1,recall_best.pt,new_labels/yolo26n/fold1/weights/recall_best.pt,7e8a8a91d45885435a01776028dc422f367748146da3072bac2fe13947a19276,17,A14_KC-135,72,289,0.85908320,0.96539792,0.14091680,0.90914302,0.96810655,0.79318084
new_labels,yolo26n,fold1,recall_best.pt,new_labels/yolo26n/fold1/weights/recall_best.pt,7e8a8a91d45885435a01776028dc422f367748146da3072bac2fe13947a19276,18,A15_F-22,23,87,0.73295553,0.88336386,0.26704447,0.80116149,0.90947979,0.70882936
new_labels,yolo26n,fold1,recall_best.pt,new_labels/yolo26n/fold1/weights/recall_best.pt,7e8a8a91d45885435a01776028dc422f367748146da3072bac2fe13947a19276,19,A16_FA-18,48,463,0.98475448,0.98920086,0.01524552,0.98697267,0.99472142,0.81948954
new_labels,yolo26n,fold1,recall_best.pt,new_labels/yolo26n/fold1/weights/recall_best.pt,7e8a8a91d45885435a01776028dc422f367748146da3072bac2fe13947a19276,20,A17_TU-95,60,220,0.82203860,0.99090909,0.17796140,0.89860896,0.97396190,0.81279292
new_labels,yolo26n,fold1,recall_best.pt,new_labels/yolo26n/fold1/weights/recall_best.pt,7e8a8a91d45885435a01776028dc422f367748146da3072bac2fe13947a19276,21,A18_KC-10,16,50,0.92432107,0.82000000,0.07567893,0.86904102,0.91569255,0.74554529
new_labels,yolo26n,fold1,recall_best.pt,new_labels/yolo26n/fold1/weights/recall_best.pt,7e8a8a91d45885435a01776028dc422f367748146da3072bac2fe13947a19276,22,A19_SU-34,56,198,0.86367693,0.94444444,0.13632307,0.90225677,0.95028334,0.76401656
new_labels,yolo26n,fold1,recall_best.pt,new_labels/yolo26n/fold1/weights/recall_best.pt,7e8a8a91d45885435a01776028dc422f367748146da3072bac2fe13947a19276,23,A20_SU-24,40,162,0.90201668,0.87654321,0.09798332,0.88909752,0.91751447,0.72005217
new_labels,yolo26n,fold1,recall_best.pt,new_labels/yolo26n/fold1/weights/recall_best.pt,7e8a8a91d45885435a01776028dc422f367748146da3072bac2fe13947a19276,24,FSC,14,70,0.62551448,0.52857143,0.37448552,0.57297135,0.51686439,0.25105689
new_labels,yolo26s,fold1,map_best.pt,new_labels/yolo26s/fold1/weights/map_best.pt,460b90d8ce4435f0225d3d8724bcd7c6dafa25129d960f9ecab9f37ad6ff85b3,0,HM,3,4,0.83735567,1.00000000,0.16264433,0.91147913,0.99500000,0.90454808
new_labels,yolo26s,fold1,map_best.pt,new_labels/yolo26s/fold1/weights/map_best.pt,460b90d8ce4435f0225d3d8724bcd7c6dafa25129d960f9ecab9f37ad6ff85b3,1,LQS,5,5,1.00000000,0.39256752,0.00000000,0.56380393,0.49666667,0.35333333
new_labels,yolo26s,fold1,map_best.pt,new_labels/yolo26s/fold1/weights/map_best.pt,460b90d8ce4435f0225d3d8724bcd7c6dafa25129d960f9ecab9f37ad6ff85b3,2,QHS,40,86,0.74148041,0.68604651,0.25851959,0.71268715,0.68749281,0.45257124
new_labels,yolo26s,fold1,map_best.pt,new_labels/yolo26s/fold1/weights/map_best.pt,460b90d8ce4435f0225d3d8724bcd7c6dafa25129d960f9ecab9f37ad6ff85b3,3,MS,238,364,0.78642816,0.79945055,0.21357184,0.79288589,0.83426185,0.57643439
new_labels,yolo26s,fold1,map_best.pt,new_labels/yolo26s/fold1/weights/map_best.pt,460b90d8ce4435f0225d3d8724bcd7c6dafa25129d960f9ecab9f37ad6ff85b3,4,A1_SU-35,56,277,0.97349491,0.92816087,0.02650509,0.95028752,0.98819664,0.87098731
new_labels,yolo26s,fold1,map_best.pt,new_labels/yolo26s/fold1/weights/map_best.pt,460b90d8ce4435f0225d3d8724bcd7c6dafa25129d960f9ecab9f37ad6ff85b3,5,A2_C-130,58,311,0.98406866,1.00000000,0.01593134,0.99197037,0.99500000,0.82506900
new_labels,yolo26s,fold1,map_best.pt,new_labels/yolo26s/fold1/weights/map_best.pt,460b90d8ce4435f0225d3d8724bcd7c6dafa25129d960f9ecab9f37ad6ff85b3,6,A3_C-17,52,223,0.98993910,1.00000000,0.01006090,0.99494412,0.99500000,0.84114039
new_labels,yolo26s,fold1,map_best.pt,new_labels/yolo26s/fold1/weights/map_best.pt,460b90d8ce4435f0225d3d8724bcd7c6dafa25129d960f9ecab9f37ad6ff85b3,7,A4_C-5,23,114,0.95741556,1.00000000,0.04258444,0.97824456,0.99500000,0.85324455
new_labels,yolo26s,fold1,map_best.pt,new_labels/yolo26s/fold1/weights/map_best.pt,460b90d8ce4435f0225d3d8724bcd7c6dafa25129d960f9ecab9f37ad6ff85b3,8,A5_F-16,48,187,0.94659450,0.94117647,0.05340550,0.94387771,0.96657812,0.73290869
new_labels,yolo26s,fold1,map_best.pt,new_labels/yolo26s/fold1/weights/map_best.pt,460b90d8ce4435f0225d3d8724bcd7c6dafa25129d960f9ecab9f37ad6ff85b3,9,A6_TU-160,17,79,0.98690173,1.00000000,0.01309827,0.99340769,0.99412500,0.84944069
new_labels,yolo26s,fold1,map_best.pt,new_labels/yolo26s/fold1/weights/map_best.pt,460b90d8ce4435f0225d3d8724bcd7c6dafa25129d960f9ecab9f37ad6ff85b3,10,A7_E-3,31,105,0.94738867,0.99047619,0.05261133,0.96845341,0.98842857,0.84066736
new_labels,yolo26s,fold1,map_best.pt,new_labels/yolo26s/fold1/weights/map_best.pt,460b90d8ce4435f0225d3d8724bcd7c6dafa25129d960f9ecab9f37ad6ff85b3,11,A8_B-52,33,140,0.93277328,1.00000000,0.06722672,0.96521748,0.98675038,0.86237804
new_labels,yolo26s,fold1,map_best.pt,new_labels/yolo26s/fold1/weights/map_best.pt,460b90d8ce4435f0225d3d8724bcd7c6dafa25129d960f9ecab9f37ad6ff85b3,12,A9_P-3C,38,177,0.99437453,0.99866620,0.00562547,0.99651574,0.99500000,0.81088552
new_labels,yolo26s,fold1,map_best.pt,new_labels/yolo26s/fold1/weights/map_best.pt,460b90d8ce4435f0225d3d8724bcd7c6dafa25129d960f9ecab9f37ad6ff85b3,13,A10_B-1B,31,167,0.96564272,0.95209581,0.03435728,0.95882142,0.98744461,0.82029672
new_labels,yolo26s,fold1,map_best.pt,new_labels/yolo26s/fold1/weights/map_best.pt,460b90d8ce4435f0225d3d8724bcd7c6dafa25129d960f9ecab9f37ad6ff85b3,14,A11_E-8,31,97,0.92369892,0.87364848,0.07630108,0.89797682,0.92921089,0.80263071
new_labels,yolo26s,fold1,map_best.pt,new_labels/yolo26s/fold1/weights/map_best.pt,460b90d8ce4435f0225d3d8724bcd7c6dafa25129d960f9ecab9f37ad6ff85b3,15,A12_TU-22,38,129,0.90342091,0.96124031,0.09657909,0.93143418,0.97643630,0.88633751
new_labels,yolo26s,fold1,map_best.pt,new_labels/yolo26s/fold1/weights/map_best.pt,460b90d8ce4435f0225d3d8724bcd7c6dafa25129d960f9ecab9f37ad6ff85b3,16,A13_F-15,42,234,0.94287669,0.97435897,0.05712331,0.95835935,0.98102918,0.78020339
new_labels,yolo26s,fold1,map_best.pt,new_labels/yolo26s/fold1/weights/map_best.pt,460b90d8ce4435f0225d3d8724bcd7c6dafa25129d960f9ecab9f37ad6ff85b3,17,A14_KC-135,72,289,0.86608322,0.97231834,0.13391678,0.91613129,0.97703598,0.81541884
new_labels,yolo26s,fold1,map_best.pt,new_labels/yolo26s/fold1/weights/map_best.pt,460b90d8ce4435f0225d3d8724bcd7c6dafa25129d960f9ecab9f37ad6ff85b3,18,A15_F-22,23,87,0.82903688,0.88505747,0.17096312,0.85613174,0.94471360,0.70873213
new_labels,yolo26s,fold1,map_best.pt,new_labels/yolo26s/fold1/weights/map_best.pt,460b90d8ce4435f0225d3d8724bcd7c6dafa25129d960f9ecab9f37ad6ff85b3,19,A16_FA-18,48,463,0.98496944,0.99075225,0.01503056,0.98785238,0.99484979,0.83717477
new_labels,yolo26s,fold1,map_best.pt,new_labels/yolo26s/fold1/weights/map_best.pt,460b90d8ce4435f0225d3d8724bcd7c6dafa25129d960f9ecab9f37ad6ff85b3,20,A17_TU-95,60,220,0.96611773,1.00000000,0.03388227,0.98276692,0.98706202,0.89102957
new_labels,yolo26s,fold1,map_best.pt,new_labels/yolo26s/fold1/weights/map_best.pt,460b90d8ce4435f0225d3d8724bcd7c6dafa25129d960f9ecab9f37ad6ff85b3,21,A18_KC-10,16,50,0.97716790,0.85603348,0.02283210,0.91259853,0.98274277,0.84064640
new_labels,yolo26s,fold1,map_best.pt,new_labels/yolo26s/fold1/weights/map_best.pt,460b90d8ce4435f0225d3d8724bcd7c6dafa25129d960f9ecab9f37ad6ff85b3,22,A19_SU-34,56,198,0.87432803,0.99494949,0.12567197,0.93074701,0.94717119,0.80337455
new_labels,yolo26s,fold1,map_best.pt,new_labels/yolo26s/fold1/weights/map_best.pt,460b90d8ce4435f0225d3d8724bcd7c6dafa25129d960f9ecab9f37ad6ff85b3,23,A20_SU-24,40,162,0.98635875,0.89268981,0.01364125,0.93718962,0.95512381,0.80254225
new_labels,yolo26s,fold1,map_best.pt,new_labels/yolo26s/fold1/weights/map_best.pt,460b90d8ce4435f0225d3d8724bcd7c6dafa25129d960f9ecab9f37ad6ff85b3,24,FSC,14,70,0.68227871,0.24550207,0.31772129,0.36107848,0.55199983,0.32112710
new_labels,yolo26s,fold1,precision_fdr_best.pt,new_labels/yolo26s/fold1/weights/precision_fdr_best.pt,822387d696c3b0dc72e50be316479bd67ce0eeabdef37f5ecfb5a8ca7af07ad6,0,HM,3,4,0.99684888,1.00000000,0.00315112,0.99842195,0.99500000,0.89550000
new_labels,yolo26s,fold1,precision_fdr_best.pt,new_labels/yolo26s/fold1/weights/precision_fdr_best.pt,822387d696c3b0dc72e50be316479bd67ce0eeabdef37f5ecfb5a8ca7af07ad6,1,LQS,5,5,0.79703540,0.20000000,0.20296460,0.31976213,0.38933333,0.33501667
new_labels,yolo26s,fold1,precision_fdr_best.pt,new_labels/yolo26s/fold1/weights/precision_fdr_best.pt,822387d696c3b0dc72e50be316479bd67ce0eeabdef37f5ecfb5a8ca7af07ad6,2,QHS,40,86,0.72889259,0.53150100,0.27110741,0.61473994,0.66947318,0.43665891
new_labels,yolo26s,fold1,precision_fdr_best.pt,new_labels/yolo26s/fold1/weights/precision_fdr_best.pt,822387d696c3b0dc72e50be316479bd67ce0eeabdef37f5ecfb5a8ca7af07ad6,3,MS,238,364,0.84514573,0.76648352,0.15485427,0.80389491,0.84437682,0.56964850
new_labels,yolo26s,fold1,precision_fdr_best.pt,new_labels/yolo26s/fold1/weights/precision_fdr_best.pt,822387d696c3b0dc72e50be316479bd67ce0eeabdef37f5ecfb5a8ca7af07ad6,4,A1_SU-35,56,277,0.94549719,0.93940714,0.05450281,0.94244233,0.98254284,0.84810929
new_labels,yolo26s,fold1,precision_fdr_best.pt,new_labels/yolo26s/fold1/weights/precision_fdr_best.pt,822387d696c3b0dc72e50be316479bd67ce0eeabdef37f5ecfb5a8ca7af07ad6,5,A2_C-130,58,311,0.97749295,0.99035370,0.02250705,0.98388130,0.99431846,0.80490099
new_labels,yolo26s,fold1,precision_fdr_best.pt,new_labels/yolo26s/fold1/weights/precision_fdr_best.pt,822387d696c3b0dc72e50be316479bd67ce0eeabdef37f5ecfb5a8ca7af07ad6,6,A3_C-17,52,223,0.97346802,0.98718706,0.02653198,0.98027954,0.99432716,0.84358313
new_labels,yolo26s,fold1,precision_fdr_best.pt,new_labels/yolo26s/fold1/weights/precision_fdr_best.pt,822387d696c3b0dc72e50be316479bd67ce0eeabdef37f5ecfb5a8ca7af07ad6,7,A4_C-5,23,114,0.98119361,0.96491228,0.01880639,0.97298484,0.99323518,0.84179018
new_labels,yolo26s,fold1,precision_fdr_best.pt,new_labels/yolo26s/fold1/weights/precision_fdr_best.pt,822387d696c3b0dc72e50be316479bd67ce0eeabdef37f5ecfb5a8ca7af07ad6,8,A5_F-16,48,187,0.98598700,0.89304813,0.01401300,0.93721914,0.98380030,0.74560706
new_labels,yolo26s,fold1,precision_fdr_best.pt,new_labels/yolo26s/fold1/weights/precision_fdr_best.pt,822387d696c3b0dc72e50be316479bd67ce0eeabdef37f5ecfb5a8ca7af07ad6,9,A6_TU-160,17,79,0.97311046,0.91622193,0.02688954,0.94380973,0.98811939,0.82834044
new_labels,yolo26s,fold1,precision_fdr_best.pt,new_labels/yolo26s/fold1/weights/precision_fdr_best.pt,822387d696c3b0dc72e50be316479bd67ce0eeabdef37f5ecfb5a8ca7af07ad6,10,A7_E-3,31,105,0.98102151,0.98461626,0.01897849,0.98281560,0.99442847,0.84595690
new_labels,yolo26s,fold1,precision_fdr_best.pt,new_labels/yolo26s/fold1/weights/precision_fdr_best.pt,822387d696c3b0dc72e50be316479bd67ce0eeabdef37f5ecfb5a8ca7af07ad6,11,A8_B-52,33,140,0.94610741,0.98571429,0.05389259,0.96550483,0.99246838,0.85884223
new_labels,yolo26s,fold1,precision_fdr_best.pt,new_labels/yolo26s/fold1/weights/precision_fdr_best.pt,822387d696c3b0dc72e50be316479bd67ce0eeabdef37f5ecfb5a8ca7af07ad6,12,A9_P-3C,38,177,0.99417245,0.96384316,0.00582755,0.97877291,0.99465970,0.79954076
new_labels,yolo26s,fold1,precision_fdr_best.pt,new_labels/yolo26s/fold1/weights/precision_fdr_best.pt,822387d696c3b0dc72e50be316479bd67ce0eeabdef37f5ecfb5a8ca7af07ad6,13,A10_B-1B,31,167,0.97528345,0.94512402,0.02471655,0.95996691,0.97554344,0.79154552
new_labels,yolo26s,fold1,precision_fdr_best.pt,new_labels/yolo26s/fold1/weights/precision_fdr_best.pt,822387d696c3b0dc72e50be316479bd67ce0eeabdef37f5ecfb5a8ca7af07ad6,14,A11_E-8,31,97,0.89227322,0.81443299,0.10772678,0.85157802,0.88450102,0.76932148
new_labels,yolo26s,fold1,precision_fdr_best.pt,new_labels/yolo26s/fold1/weights/precision_fdr_best.pt,822387d696c3b0dc72e50be316479bd67ce0eeabdef37f5ecfb5a8ca7af07ad6,15,A12_TU-22,38,129,0.98986699,0.93798450,0.01013301,0.96322761,0.97410331,0.85680893
new_labels,yolo26s,fold1,precision_fdr_best.pt,new_labels/yolo26s/fold1/weights/precision_fdr_best.pt,822387d696c3b0dc72e50be316479bd67ce0eeabdef37f5ecfb5a8ca7af07ad6,16,A13_F-15,42,234,0.94820034,0.94871795,0.05179966,0.94845907,0.98445463,0.76052857
new_labels,yolo26s,fold1,precision_fdr_best.pt,new_labels/yolo26s/fold1/weights/precision_fdr_best.pt,822387d696c3b0dc72e50be316479bd67ce0eeabdef37f5ecfb5a8ca7af07ad6,17,A14_KC-135,72,289,0.88875910,0.94117647,0.11124090,0.91421706,0.96981490,0.80195543
new_labels,yolo26s,fold1,precision_fdr_best.pt,new_labels/yolo26s/fold1/weights/precision_fdr_best.pt,822387d696c3b0dc72e50be316479bd67ce0eeabdef37f5ecfb5a8ca7af07ad6,18,A15_F-22,23,87,0.88773028,0.71264368,0.11226972,0.79060943,0.85956356,0.62875700
new_labels,yolo26s,fold1,precision_fdr_best.pt,new_labels/yolo26s/fold1/weights/precision_fdr_best.pt,822387d696c3b0dc72e50be316479bd67ce0eeabdef37f5ecfb5a8ca7af07ad6,19,A16_FA-18,48,463,1.00000000,0.99524347,0.00000000,0.99761606,0.99500000,0.82639585
new_labels,yolo26s,fold1,precision_fdr_best.pt,new_labels/yolo26s/fold1/weights/precision_fdr_best.pt,822387d696c3b0dc72e50be316479bd67ce0eeabdef37f5ecfb5a8ca7af07ad6,20,A17_TU-95,60,220,0.97423494,0.99090909,0.02576506,0.98250127,0.97860360,0.87043544
new_labels,yolo26s,fold1,precision_fdr_best.pt,new_labels/yolo26s/fold1/weights/precision_fdr_best.pt,822387d696c3b0dc72e50be316479bd67ce0eeabdef37f5ecfb5a8ca7af07ad6,21,A18_KC-10,16,50,0.93102795,0.62000000,0.06897205,0.74432872,0.89359942,0.72636785
new_labels,yolo26s,fold1,precision_fdr_best.pt,new_labels/yolo26s/fold1/weights/precision_fdr_best.pt,822387d696c3b0dc72e50be316479bd67ce0eeabdef37f5ecfb5a8ca7af07ad6,22,A19_SU-34,56,198,0.95309599,0.92424242,0.04690401,0.93844748,0.98127183,0.80321759
new_labels,yolo26s,fold1,precision_fdr_best.pt,new_labels/yolo26s/fold1/weights/precision_fdr_best.pt,822387d696c3b0dc72e50be316479bd67ce0eeabdef37f5ecfb5a8ca7af07ad6,23,A20_SU-24,40,162,0.98302609,0.91358025,0.01697391,0.94703176,0.94232040,0.76884936
new_labels,yolo26s,fold1,precision_fdr_best.pt,new_labels/yolo26s/fold1/weights/precision_fdr_best.pt,822387d696c3b0dc72e50be316479bd67ce0eeabdef37f5ecfb5a8ca7af07ad6,24,FSC,14,70,0.91539894,0.30000000,0.08460106,0.45190048,0.47722154,0.25426764
new_labels,yolo26s,fold1,recall_best.pt,new_labels/yolo26s/fold1/weights/recall_best.pt,af2742074c9ffd4d269e2489e95defe3bbf9cd47a7a192c20032a18eb7289dc7,0,HM,3,4,0.81435194,1.00000000,0.18564806,0.89767803,0.99500000,0.87182500
new_labels,yolo26s,fold1,recall_best.pt,new_labels/yolo26s/fold1/weights/recall_best.pt,af2742074c9ffd4d269e2489e95defe3bbf9cd47a7a192c20032a18eb7289dc7,1,LQS,5,5,0.65695650,0.40000000,0.34304350,0.49724393,0.39611111,0.29405556
new_labels,yolo26s,fold1,recall_best.pt,new_labels/yolo26s/fold1/weights/recall_best.pt,af2742074c9ffd4d269e2489e95defe3bbf9cd47a7a192c20032a18eb7289dc7,2,QHS,40,86,0.64880593,0.72093023,0.35119407,0.68296920,0.72640360,0.47319435
new_labels,yolo26s,fold1,recall_best.pt,new_labels/yolo26s/fold1/weights/recall_best.pt,af2742074c9ffd4d269e2489e95defe3bbf9cd47a7a192c20032a18eb7289dc7,3,MS,238,364,0.74868508,0.81842676,0.25131492,0.78200405,0.84488894,0.57674547
new_labels,yolo26s,fold1,recall_best.pt,new_labels/yolo26s/fold1/weights/recall_best.pt,af2742074c9ffd4d269e2489e95defe3bbf9cd47a7a192c20032a18eb7289dc7,4,A1_SU-35,56,277,0.95517245,0.94945848,0.04482755,0.95230689,0.98774254,0.86466564
new_labels,yolo26s,fold1,recall_best.pt,new_labels/yolo26s/fold1/weights/recall_best.pt,af2742074c9ffd4d269e2489e95defe3bbf9cd47a7a192c20032a18eb7289dc7,5,A2_C-130,58,311,0.98163553,1.00000000,0.01836447,0.99073267,0.99500000,0.82997614
new_labels,yolo26s,fold1,recall_best.pt,new_labels/yolo26s/fold1/weights/recall_best.pt,af2742074c9ffd4d269e2489e95defe3bbf9cd47a7a192c20032a18eb7289dc7,6,A3_C-17,52,223,0.96680203,1.00000000,0.03319797,0.98312084,0.99500000,0.84160603
new_labels,yolo26s,fold1,recall_best.pt,new_labels/yolo26s/fold1/weights/recall_best.pt,af2742074c9ffd4d269e2489e95defe3bbf9cd47a7a192c20032a18eb7289dc7,7,A4_C-5,23,114,0.96812572,1.00000000,0.03187428,0.98380476,0.99464912,0.85653629
new_labels,yolo26s,fold1,recall_best.pt,new_labels/yolo26s/fold1/weights/recall_best.pt,af2742074c9ffd4d269e2489e95defe3bbf9cd47a7a192c20032a18eb7289dc7,8,A5_F-16,48,187,0.91585088,0.98942473,0.08414912,0.95121725,0.98209883,0.74319518
new_labels,yolo26s,fold1,recall_best.pt,new_labels/yolo26s/fold1/weights/recall_best.pt,af2742074c9ffd4d269e2489e95defe3bbf9cd47a7a192c20032a18eb7289dc7,9,A6_TU-160,17,79,0.93459559,1.00000000,0.06540441,0.96619220,0.99261876,0.83198400
new_labels,yolo26s,fold1,recall_best.pt,new_labels/yolo26s/fold1/weights/recall_best.pt,af2742074c9ffd4d269e2489e95defe3bbf9cd47a7a192c20032a18eb7289dc7,10,A7_E-3,31,105,0.94220780,0.99047619,0.05779220,0.96573925,0.99443732,0.84290005
new_labels,yolo26s,fold1,recall_best.pt,new_labels/yolo26s/fold1/weights/recall_best.pt,af2742074c9ffd4d269e2489e95defe3bbf9cd47a7a192c20032a18eb7289dc7,11,A8_B-52,33,140,0.94116830,1.00000000,0.05883170,0.96969263,0.99325073,0.87381536
new_labels,yolo26s,fold1,recall_best.pt,new_labels/yolo26s/fold1/weights/recall_best.pt,af2742074c9ffd4d269e2489e95defe3bbf9cd47a7a192c20032a18eb7289dc7,12,A9_P-3C,38,177,0.97694016,1.00000000,0.02305984,0.98833559,0.99500000,0.80751187
new_labels,yolo26s,fold1,recall_best.pt,new_labels/yolo26s/fold1/weights/recall_best.pt,af2742074c9ffd4d269e2489e95defe3bbf9cd47a7a192c20032a18eb7289dc7,13,A10_B-1B,31,167,0.95299124,0.95808383,0.04700876,0.95553075,0.98708731,0.82696654
new_labels,yolo26s,fold1,recall_best.pt,new_labels/yolo26s/fold1/weights/recall_best.pt,af2742074c9ffd4d269e2489e95defe3bbf9cd47a7a192c20032a18eb7289dc7,14,A11_E-8,31,97,0.82843081,0.92783505,0.17156919,0.87531980,0.95065167,0.82140170
new_labels,yolo26s,fold1,recall_best.pt,new_labels/yolo26s/fold1/weights/recall_best.pt,af2742074c9ffd4d269e2489e95defe3bbf9cd47a7a192c20032a18eb7289dc7,15,A12_TU-22,38,129,0.89476067,0.96899225,0.10523933,0.93039817,0.97562696,0.87510739
new_labels,yolo26s,fold1,recall_best.pt,new_labels/yolo26s/fold1/weights/recall_best.pt,af2742074c9ffd4d269e2489e95defe3bbf9cd47a7a192c20032a18eb7289dc7,16,A13_F-15,42,234,0.94211154,0.97435897,0.05788846,0.95796395,0.98871830,0.77621786
new_labels,yolo26s,fold1,recall_best.pt,new_labels/yolo26s/fold1/weights/recall_best.pt,af2742074c9ffd4d269e2489e95defe3bbf9cd47a7a192c20032a18eb7289dc7,17,A14_KC-135,72,289,0.87560551,0.97231834,0.12439449,0.92143114,0.98175517,0.81174302
new_labels,yolo26s,fold1,recall_best.pt,new_labels/yolo26s/fold1/weights/recall_best.pt,af2742074c9ffd4d269e2489e95defe3bbf9cd47a7a192c20032a18eb7289dc7,18,A15_F-22,23,87,0.88541569,0.89655172,0.11458431,0.89094891,0.92904943,0.70022444
new_labels,yolo26s,fold1,recall_best.pt,new_labels/yolo26s/fold1/weights/recall_best.pt,af2742074c9ffd4d269e2489e95defe3bbf9cd47a7a192c20032a18eb7289dc7,19,A16_FA-18,48,463,0.97915557,0.98920086,0.02084443,0.98415259,0.99472458,0.83326589
new_labels,yolo26s,fold1,recall_best.pt,new_labels/yolo26s/fold1/weights/recall_best.pt,af2742074c9ffd4d269e2489e95defe3bbf9cd47a7a192c20032a18eb7289dc7,20,A17_TU-95,60,220,0.97536400,1.00000000,0.02463600,0.98752838,0.98071429,0.88324009
new_labels,yolo26s,fold1,recall_best.pt,new_labels/yolo26s/fold1/weights/recall_best.pt,af2742074c9ffd4d269e2489e95defe3bbf9cd47a7a192c20032a18eb7289dc7,21,A18_KC-10,16,50,0.95978340,0.95469328,0.04021660,0.95723157,0.97865380,0.83355097
new_labels,yolo26s,fold1,recall_best.pt,new_labels/yolo26s/fold1/weights/recall_best.pt,af2742074c9ffd4d269e2489e95defe3bbf9cd47a7a192c20032a18eb7289dc7,22,A19_SU-34,56,198,0.83271342,0.98484848,0.16728658,0.90241388,0.97542340,0.81800832
new_labels,yolo26s,fold1,recall_best.pt,new_labels/yolo26s/fold1/weights/recall_best.pt,af2742074c9ffd4d269e2489e95defe3bbf9cd47a7a192c20032a18eb7289dc7,23,A20_SU-24,40,162,0.96071528,0.90123457,0.03928472,0.93002486,0.94637718,0.78726245
new_labels,yolo26s,fold1,recall_best.pt,new_labels/yolo26s/fold1/weights/recall_best.pt,af2742074c9ffd4d269e2489e95defe3bbf9cd47a7a192c20032a18eb7289dc7,24,FSC,14,70,0.68681982,0.27142857,0.31318018,0.38909019,0.46453807,0.27907647
new_labels,yolo26n,fold2,map_best.pt,new_labels/yolo26n/fold2/weights/map_best.pt,961166692bde9333e81e4a435056bd56b8da9ba78c974bd87b0e38699ebaa040,0,HM,3,3,0.63527431,1.00000000,0.36472569,0.77696360,0.99500000,0.91409250
new_labels,yolo26n,fold2,map_best.pt,new_labels/yolo26n/fold2/weights/map_best.pt,961166692bde9333e81e4a435056bd56b8da9ba78c974bd87b0e38699ebaa040,1,LQS,5,8,0.53291691,0.14968768,0.46708309,0.23372564,0.70202941,0.57316586
new_labels,yolo26n,fold2,map_best.pt,new_labels/yolo26n/fold2/weights/map_best.pt,961166692bde9333e81e4a435056bd56b8da9ba78c974bd87b0e38699ebaa040,2,QHS,39,125,0.78072756,0.71210828,0.21927244,0.74484085,0.79782525,0.54066307
new_labels,yolo26n,fold2,map_best.pt,new_labels/yolo26n/fold2/weights/map_best.pt,961166692bde9333e81e4a435056bd56b8da9ba78c974bd87b0e38699ebaa040,3,MS,235,388,0.88079040,0.83788154,0.11920960,0.85880034,0.90575605,0.60049377
new_labels,yolo26n,fold2,map_best.pt,new_labels/yolo26n/fold2/weights/map_best.pt,961166692bde9333e81e4a435056bd56b8da9ba78c974bd87b0e38699ebaa040,4,A1_SU-35,55,267,0.92446716,0.97003745,0.07553284,0.94670423,0.97930711,0.84175032
new_labels,yolo26n,fold2,map_best.pt,new_labels/yolo26n/fold2/weights/map_best.pt,961166692bde9333e81e4a435056bd56b8da9ba78c974bd87b0e38699ebaa040,5,A2_C-130,57,340,0.97588348,0.99117647,0.02411652,0.98347053,0.99482507,0.80896133
new_labels,yolo26n,fold2,map_best.pt,new_labels/yolo26n/fold2/weights/map_best.pt,961166692bde9333e81e4a435056bd56b8da9ba78c974bd87b0e38699ebaa040,6,A3_C-17,51,239,0.97792322,0.98326360,0.02207678,0.98058614,0.99162611,0.80195773
new_labels,yolo26n,fold2,map_best.pt,new_labels/yolo26n/fold2/weights/map_best.pt,961166692bde9333e81e4a435056bd56b8da9ba78c974bd87b0e38699ebaa040,7,A4_C-5,23,123,0.97507936,1.00000000,0.02492064,0.98738246,0.99426623,0.89759448
new_labels,yolo26n,fold2,map_best.pt,new_labels/yolo26n/fold2/weights/map_best.pt,961166692bde9333e81e4a435056bd56b8da9ba78c974bd87b0e38699ebaa040,8,A5_F-16,48,178,0.97412782,0.94382022,0.02587218,0.95873456,0.97189303,0.73097866
new_labels,yolo26n,fold2,map_best.pt,new_labels/yolo26n/fold2/weights/map_best.pt,961166692bde9333e81e4a435056bd56b8da9ba78c974bd87b0e38699ebaa040,9,A6_TU-160,17,84,0.97488870,0.92438442,0.02511130,0.94896507,0.98895811,0.84104717
new_labels,yolo26n,fold2,map_best.pt,new_labels/yolo26n/fold2/weights/map_best.pt,961166692bde9333e81e4a435056bd56b8da9ba78c974bd87b0e38699ebaa040,10,A7_E-3,31,98,0.98543324,0.96938776,0.01456676,0.97734465,0.99044687,0.83751724
new_labels,yolo26n,fold2,map_best.pt,new_labels/yolo26n/fold2/weights/map_best.pt,961166692bde9333e81e4a435056bd56b8da9ba78c974bd87b0e38699ebaa040,11,A8_B-52,33,149,0.97984419,0.98657718,0.02015581,0.98319916,0.99288655,0.86308690
new_labels,yolo26n,fold2,map_best.pt,new_labels/yolo26n/fold2/weights/map_best.pt,961166692bde9333e81e4a435056bd56b8da9ba78c974bd87b0e38699ebaa040,12,A9_P-3C,37,200,0.96740789,0.99500000,0.03259211,0.98100997,0.99429670,0.81641762
new_labels,yolo26n,fold2,map_best.pt,new_labels/yolo26n/fold2/weights/map_best.pt,961166692bde9333e81e4a435056bd56b8da9ba78c974bd87b0e38699ebaa040,13,A10_B-1B,31,136,1.00000000,0.99851010,0.00000000,0.99925449,0.99500000,0.81690802
new_labels,yolo26n,fold2,map_best.pt,new_labels/yolo26n/fold2/weights/map_best.pt,961166692bde9333e81e4a435056bd56b8da9ba78c974bd87b0e38699ebaa040,14,A11_E-8,31,110,0.92963687,0.96088882,0.07036313,0.94500453,0.97888588,0.82937546
new_labels,yolo26n,fold2,map_best.pt,new_labels/yolo26n/fold2/weights/map_best.pt,961166692bde9333e81e4a435056bd56b8da9ba78c974bd87b0e38699ebaa040,15,A12_TU-22,37,108,0.98913135,0.99074074,0.01086865,0.98993539,0.99500000,0.88868731
new_labels,yolo26n,fold2,map_best.pt,new_labels/yolo26n/fold2/weights/map_best.pt,961166692bde9333e81e4a435056bd56b8da9ba78c974bd87b0e38699ebaa040,16,A13_F-15,42,276,0.93627764,0.99275362,0.06372236,0.96368891,0.98125893,0.76608138
new_labels,yolo26n,fold2,map_best.pt,new_labels/yolo26n/fold2/weights/map_best.pt,961166692bde9333e81e4a435056bd56b8da9ba78c974bd87b0e38699ebaa040,17,A14_KC-135,71,344,0.96772851,0.97965116,0.03227149,0.97365334,0.98734340,0.80408250
new_labels,yolo26n,fold2,map_best.pt,new_labels/yolo26n/fold2/weights/map_best.pt,961166692bde9333e81e4a435056bd56b8da9ba78c974bd87b0e38699ebaa040,18,A15_F-22,22,98,0.96175246,0.87755102,0.03824754,0.91772441,0.95147101,0.70428009
new_labels,yolo26n,fold2,map_best.pt,new_labels/yolo26n/fold2/weights/map_best.pt,961166692bde9333e81e4a435056bd56b8da9ba78c974bd87b0e38699ebaa040,19,A16_FA-18,48,454,0.99674446,0.99339207,0.00325554,0.99506544,0.99500000,0.83353786
new_labels,yolo26n,fold2,map_best.pt,new_labels/yolo26n/fold2/weights/map_best.pt,961166692bde9333e81e4a435056bd56b8da9ba78c974bd87b0e38699ebaa040,20,A17_TU-95,59,212,0.96299849,0.98211390,0.03700151,0.97246226,0.99335642,0.87021427
new_labels,yolo26n,fold2,map_best.pt,new_labels/yolo26n/fold2/weights/map_best.pt,961166692bde9333e81e4a435056bd56b8da9ba78c974bd87b0e38699ebaa040,21,A18_KC-10,17,63,1.00000000,0.95728597,0.00000000,0.97817691,0.99168254,0.83910711
new_labels,yolo26n,fold2,map_best.pt,new_labels/yolo26n/fold2/weights/map_best.pt,961166692bde9333e81e4a435056bd56b8da9ba78c974bd87b0e38699ebaa040,22,A19_SU-34,56,213,0.93806687,0.85332540,0.06193313,0.89369180,0.94756144,0.75312203
new_labels,yolo26n,fold2,map_best.pt,new_labels/yolo26n/fold2/weights/map_best.pt,961166692bde9333e81e4a435056bd56b8da9ba78c974bd87b0e38699ebaa040,23,A20_SU-24,40,158,0.98594265,0.92405063,0.01405735,0.95399386,0.97500972,0.78341855
new_labels,yolo26n,fold2,map_best.pt,new_labels/yolo26n/fold2/weights/map_best.pt,961166692bde9333e81e4a435056bd56b8da9ba78c974bd87b0e38699ebaa040,24,FSC,13,60,0.66859951,0.48333333,0.33140049,0.56106818,0.50422069,0.27757072
new_labels,yolo26n,fold2,precision_fdr_best.pt,new_labels/yolo26n/fold2/weights/precision_fdr_best.pt,efa6d853073e493202fc60087312760d956836bf8a50bb6b082288653e87d085,0,HM,3,3,0.71453068,1.00000000,0.28546932,0.83350002,0.91250000,0.87383923
new_labels,yolo26n,fold2,precision_fdr_best.pt,new_labels/yolo26n/fold2/weights/precision_fdr_best.pt,efa6d853073e493202fc60087312760d956836bf8a50bb6b082288653e87d085,1,LQS,5,8,1.00000000,0.00000000,0.00000000,0.00000000,0.36674552,0.29198456
new_labels,yolo26n,fold2,precision_fdr_best.pt,new_labels/yolo26n/fold2/weights/precision_fdr_best.pt,efa6d853073e493202fc60087312760d956836bf8a50bb6b082288653e87d085,2,QHS,39,125,0.85320639,0.64800000,0.14679361,0.73657792,0.80151370,0.53025021
new_labels,yolo26n,fold2,precision_fdr_best.pt,new_labels/yolo26n/fold2/weights/precision_fdr_best.pt,efa6d853073e493202fc60087312760d956836bf8a50bb6b082288653e87d085,3,MS,235,388,0.89186646,0.80777841,0.10813354,0.84774235,0.90125360,0.59783752
new_labels,yolo26n,fold2,precision_fdr_best.pt,new_labels/yolo26n/fold2/weights/precision_fdr_best.pt,efa6d853073e493202fc60087312760d956836bf8a50bb6b082288653e87d085,4,A1_SU-35,55,267,0.96481719,0.92437202,0.03518281,0.94416167,0.97991578,0.83933875
new_labels,yolo26n,fold2,precision_fdr_best.pt,new_labels/yolo26n/fold2/weights/precision_fdr_best.pt,efa6d853073e493202fc60087312760d956836bf8a50bb6b082288653e87d085,5,A2_C-130,57,340,0.97992060,0.98823529,0.02007940,0.98406038,0.99465068,0.80594186
new_labels,yolo26n,fold2,precision_fdr_best.pt,new_labels/yolo26n/fold2/weights/precision_fdr_best.pt,efa6d853073e493202fc60087312760d956836bf8a50bb6b082288653e87d085,6,A3_C-17,51,239,0.99168042,0.99747994,0.00831958,0.99457172,0.99483402,0.81048771
new_labels,yolo26n,fold2,precision_fdr_best.pt,new_labels/yolo26n/fold2/weights/precision_fdr_best.pt,efa6d853073e493202fc60087312760d956836bf8a50bb6b082288653e87d085,7,A4_C-5,23,123,0.98955454,1.00000000,0.01044546,0.99474985,0.98838710,0.89474094
new_labels,yolo26n,fold2,precision_fdr_best.pt,new_labels/yolo26n/fold2/weights/precision_fdr_best.pt,efa6d853073e493202fc60087312760d956836bf8a50bb6b082288653e87d085,8,A5_F-16,48,178,0.97125128,0.94899555,0.02874872,0.95999444,0.97675825,0.74326774
new_labels,yolo26n,fold2,precision_fdr_best.pt,new_labels/yolo26n/fold2/weights/precision_fdr_best.pt,efa6d853073e493202fc60087312760d956836bf8a50bb6b082288653e87d085,9,A6_TU-160,17,84,0.97482070,0.92182639,0.02517930,0.94758319,0.99099720,0.82527643
new_labels,yolo26n,fold2,precision_fdr_best.pt,new_labels/yolo26n/fold2/weights/precision_fdr_best.pt,efa6d853073e493202fc60087312760d956836bf8a50bb6b082288653e87d085,10,A7_E-3,31,98,0.99871400,0.95918367,0.00128600,0.97854977,0.98834571,0.81727024
new_labels,yolo26n,fold2,precision_fdr_best.pt,new_labels/yolo26n/fold2/weights/precision_fdr_best.pt,efa6d853073e493202fc60087312760d956836bf8a50bb6b082288653e87d085,11,A8_B-52,33,149,0.99100057,0.96644295,0.00899943,0.97856771,0.99383615,0.85867185
new_labels,yolo26n,fold2,precision_fdr_best.pt,new_labels/yolo26n/fold2/weights/precision_fdr_best.pt,efa6d853073e493202fc60087312760d956836bf8a50bb6b082288653e87d085,12,A9_P-3C,37,200,0.99178577,0.99000000,0.00821423,0.99089208,0.99446681,0.81677864
new_labels,yolo26n,fold2,precision_fdr_best.pt,new_labels/yolo26n/fold2/weights/precision_fdr_best.pt,efa6d853073e493202fc60087312760d956836bf8a50bb6b082288653e87d085,13,A10_B-1B,31,136,1.00000000,0.99104515,0.00000000,0.99550244,0.99500000,0.81827427
new_labels,yolo26n,fold2,precision_fdr_best.pt,new_labels/yolo26n/fold2/weights/precision_fdr_best.pt,efa6d853073e493202fc60087312760d956836bf8a50bb6b082288653e87d085,14,A11_E-8,31,110,0.90224709,0.92300756,0.09775291,0.91250926,0.95162783,0.80227194
new_labels,yolo26n,fold2,precision_fdr_best.pt,new_labels/yolo26n/fold2/weights/precision_fdr_best.pt,efa6d853073e493202fc60087312760d956836bf8a50bb6b082288653e87d085,15,A12_TU-22,37,108,0.99244010,0.99074074,0.00755990,0.99158969,0.99500000,0.88378362
new_labels,yolo26n,fold2,precision_fdr_best.pt,new_labels/yolo26n/fold2/weights/precision_fdr_best.pt,efa6d853073e493202fc60087312760d956836bf8a50bb6b082288653e87d085,16,A13_F-15,42,276,0.95449184,0.98791256,0.04550816,0.97091468,0.98997003,0.77566027
new_labels,yolo26n,fold2,precision_fdr_best.pt,new_labels/yolo26n/fold2/weights/precision_fdr_best.pt,efa6d853073e493202fc60087312760d956836bf8a50bb6b082288653e87d085,17,A14_KC-135,71,344,0.97635260,0.96018673,0.02364740,0.96820219,0.98957948,0.81000328
new_labels,yolo26n,fold2,precision_fdr_best.pt,new_labels/yolo26n/fold2/weights/precision_fdr_best.pt,efa6d853073e493202fc60087312760d956836bf8a50bb6b082288653e87d085,18,A15_F-22,22,98,0.97142282,0.84693878,0.02857718,0.90491974,0.95919657,0.71271220
new_labels,yolo26n,fold2,precision_fdr_best.pt,new_labels/yolo26n/fold2/weights/precision_fdr_best.pt,efa6d853073e493202fc60087312760d956836bf8a50bb6b082288653e87d085,19,A16_FA-18,48,454,1.00000000,0.99113304,0.00000000,0.99554677,0.99500000,0.83824779
new_labels,yolo26n,fold2,precision_fdr_best.pt,new_labels/yolo26n/fold2/weights/precision_fdr_best.pt,efa6d853073e493202fc60087312760d956836bf8a50bb6b082288653e87d085,20,A17_TU-95,59,212,0.99717970,0.94339623,0.00282030,0.96954265,0.99282587,0.87205232
new_labels,yolo26n,fold2,precision_fdr_best.pt,new_labels/yolo26n/fold2/weights/precision_fdr_best.pt,efa6d853073e493202fc60087312760d956836bf8a50bb6b082288653e87d085,21,A18_KC-10,17,63,1.00000000,0.95489913,0.00000000,0.97692931,0.98892819,0.85377821
new_labels,yolo26n,fold2,precision_fdr_best.pt,new_labels/yolo26n/fold2/weights/precision_fdr_best.pt,efa6d853073e493202fc60087312760d956836bf8a50bb6b082288653e87d085,22,A19_SU-34,56,213,0.91406292,0.85915493,0.08593708,0.88575881,0.95179936,0.76383437
new_labels,yolo26n,fold2,precision_fdr_best.pt,new_labels/yolo26n/fold2/weights/precision_fdr_best.pt,efa6d853073e493202fc60087312760d956836bf8a50bb6b082288653e87d085,23,A20_SU-24,40,158,0.99164402,0.93037975,0.00835598,0.96003549,0.98918708,0.79084735
new_labels,yolo26n,fold2,precision_fdr_best.pt,new_labels/yolo26n/fold2/weights/precision_fdr_best.pt,efa6d853073e493202fc60087312760d956836bf8a50bb6b082288653e87d085,24,FSC,13,60,0.69197637,0.36666667,0.30802363,0.47933942,0.49665852,0.26131210
new_labels,yolo26n,fold2,recall_best.pt,new_labels/yolo26n/fold2/weights/recall_best.pt,df09cc22bcca8842f79c6e990811eb5fa933050f0d525751e07d8d6692888837,0,HM,3,3,0.55338408,1.00000000,0.44661592,0.71248842,0.86300000,0.67842092
new_labels,yolo26n,fold2,recall_best.pt,new_labels/yolo26n/fold2/weights/recall_best.pt,df09cc22bcca8842f79c6e990811eb5fa933050f0d525751e07d8d6692888837,1,LQS,5,8,1.00000000,0.31570627,0.00000000,0.47990388,0.57609649,0.45691232
new_labels,yolo26n,fold2,recall_best.pt,new_labels/yolo26n/fold2/weights/recall_best.pt,df09cc22bcca8842f79c6e990811eb5fa933050f0d525751e07d8d6692888837,2,QHS,39,125,0.56923483,0.84000000,0.43076517,0.67860550,0.74723213,0.47834776
new_labels,yolo26n,fold2,recall_best.pt,new_labels/yolo26n/fold2/weights/recall_best.pt,df09cc22bcca8842f79c6e990811eb5fa933050f0d525751e07d8d6692888837,3,MS,235,388,0.83924061,0.86855670,0.16075939,0.85364704,0.90319900,0.57722782
new_labels,yolo26n,fold2,recall_best.pt,new_labels/yolo26n/fold2/weights/recall_best.pt,df09cc22bcca8842f79c6e990811eb5fa933050f0d525751e07d8d6692888837,4,A1_SU-35,55,267,0.92286754,0.94756554,0.07713246,0.93505348,0.97760782,0.83685350
new_labels,yolo26n,fold2,recall_best.pt,new_labels/yolo26n/fold2/weights/recall_best.pt,df09cc22bcca8842f79c6e990811eb5fa933050f0d525751e07d8d6692888837,5,A2_C-130,57,340,0.96477847,0.99411765,0.03522153,0.97922835,0.99317769,0.80139140
new_labels,yolo26n,fold2,recall_best.pt,new_labels/yolo26n/fold2/weights/recall_best.pt,df09cc22bcca8842f79c6e990811eb5fa933050f0d525751e07d8d6692888837,6,A3_C-17,51,239,0.98430155,1.00000000,0.01569845,0.99208868,0.99491632,0.79503105
new_labels,yolo26n,fold2,recall_best.pt,new_labels/yolo26n/fold2/weights/recall_best.pt,df09cc22bcca8842f79c6e990811eb5fa933050f0d525751e07d8d6692888837,7,A4_C-5,23,123,0.94578211,1.00000000,0.05421789,0.97213568,0.99331208,0.87851775
new_labels,yolo26n,fold2,recall_best.pt,new_labels/yolo26n/fold2/weights/recall_best.pt,df09cc22bcca8842f79c6e990811eb5fa933050f0d525751e07d8d6692888837,8,A5_F-16,48,178,0.93279041,0.96067416,0.06720959,0.94652697,0.97475989,0.73268362
new_labels,yolo26n,fold2,recall_best.pt,new_labels/yolo26n/fold2/weights/recall_best.pt,df09cc22bcca8842f79c6e990811eb5fa933050f0d525751e07d8d6692888837,9,A6_TU-160,17,84,0.96262081,0.91977333,0.03737919,0.94070942,0.98788931,0.84921167
new_labels,yolo26n,fold2,recall_best.pt,new_labels/yolo26n/fold2/weights/recall_best.pt,df09cc22bcca8842f79c6e990811eb5fa933050f0d525751e07d8d6692888837,10,A7_E-3,31,98,0.99701734,0.96938776,0.00298266,0.98300844,0.98104210,0.82933275
new_labels,yolo26n,fold2,recall_best.pt,new_labels/yolo26n/fold2/weights/recall_best.pt,df09cc22bcca8842f79c6e990811eb5fa933050f0d525751e07d8d6692888837,11,A8_B-52,33,149,0.97920678,0.97986577,0.02079322,0.97953617,0.99320307,0.85335815
new_labels,yolo26n,fold2,recall_best.pt,new_labels/yolo26n/fold2/weights/recall_best.pt,df09cc22bcca8842f79c6e990811eb5fa933050f0d525751e07d8d6692888837,12,A9_P-3C,37,200,0.97067195,0.99291745,0.02932805,0.98166869,0.99445577,0.80582424
new_labels,yolo26n,fold2,recall_best.pt,new_labels/yolo26n/fold2/weights/recall_best.pt,df09cc22bcca8842f79c6e990811eb5fa933050f0d525751e07d8d6692888837,13,A10_B-1B,31,136,0.98540228,0.99270409,0.01459772,0.98903971,0.99500000,0.80474821
new_labels,yolo26n,fold2,recall_best.pt,new_labels/yolo26n/fold2/weights/recall_best.pt,df09cc22bcca8842f79c6e990811eb5fa933050f0d525751e07d8d6692888837,14,A11_E-8,31,110,0.87084975,0.94545455,0.12915025,0.90661995,0.94855085,0.79215312
new_labels,yolo26n,fold2,recall_best.pt,new_labels/yolo26n/fold2/weights/recall_best.pt,df09cc22bcca8842f79c6e990811eb5fa933050f0d525751e07d8d6692888837,15,A12_TU-22,37,108,0.97791374,0.99074074,0.02208626,0.98428545,0.99500000,0.86959179
new_labels,yolo26n,fold2,recall_best.pt,new_labels/yolo26n/fold2/weights/recall_best.pt,df09cc22bcca8842f79c6e990811eb5fa933050f0d525751e07d8d6692888837,16,A13_F-15,42,276,0.91739951,1.00000000,0.08260049,0.95692056,0.96984244,0.76203701
new_labels,yolo26n,fold2,recall_best.pt,new_labels/yolo26n/fold2/weights/recall_best.pt,df09cc22bcca8842f79c6e990811eb5fa933050f0d525751e07d8d6692888837,17,A14_KC-135,71,344,0.95254357,0.99192978,0.04745643,0.97183778,0.98740927,0.80695105
new_labels,yolo26n,fold2,recall_best.pt,new_labels/yolo26n/fold2/weights/recall_best.pt,df09cc22bcca8842f79c6e990811eb5fa933050f0d525751e07d8d6692888837,18,A15_F-22,22,98,0.92978250,0.94584078,0.07021750,0.93774290,0.95551447,0.70996821
new_labels,yolo26n,fold2,recall_best.pt,new_labels/yolo26n/fold2/weights/recall_best.pt,df09cc22bcca8842f79c6e990811eb5fa933050f0d525751e07d8d6692888837,19,A16_FA-18,48,454,0.98375141,0.99339207,0.01624859,0.98854823,0.99003201,0.83223660
new_labels,yolo26n,fold2,recall_best.pt,new_labels/yolo26n/fold2/weights/recall_best.pt,df09cc22bcca8842f79c6e990811eb5fa933050f0d525751e07d8d6692888837,20,A17_TU-95,59,212,0.89713949,0.98113208,0.10286051,0.93725779,0.99052146,0.86425561
new_labels,yolo26n,fold2,recall_best.pt,new_labels/yolo26n/fold2/weights/recall_best.pt,df09cc22bcca8842f79c6e990811eb5fa933050f0d525751e07d8d6692888837,21,A18_KC-10,17,63,1.00000000,0.97417979,0.00000000,0.98692104,0.99469231,0.86693296
new_labels,yolo26n,fold2,recall_best.pt,new_labels/yolo26n/fold2/weights/recall_best.pt,df09cc22bcca8842f79c6e990811eb5fa933050f0d525751e07d8d6692888837,22,A19_SU-34,56,213,0.82175175,0.92488263,0.17824825,0.87027248,0.95219400,0.75731272
new_labels,yolo26n,fold2,recall_best.pt,new_labels/yolo26n/fold2/weights/recall_best.pt,df09cc22bcca8842f79c6e990811eb5fa933050f0d525751e07d8d6692888837,23,A20_SU-24,40,158,0.94838416,0.96202532,0.05161584,0.95515603,0.99061197,0.78352231
new_labels,yolo26n,fold2,recall_best.pt,new_labels/yolo26n/fold2/weights/recall_best.pt,df09cc22bcca8842f79c6e990811eb5fa933050f0d525751e07d8d6692888837,24,FSC,13,60,0.58768171,0.40390971,0.41231829,0.47876645,0.41152607,0.20527003
new_labels,yolo26s,fold2,map_best.pt,new_labels/yolo26s/fold2/weights/map_best.pt,b1137000016e260686c6eef40846319a7b4a142a3d5d325ba9ae4fab95e7d98c,0,HM,3,3,0.41854230,1.00000000,0.58145770,0.59010196,0.99500000,0.93136893
new_labels,yolo26s,fold2,map_best.pt,new_labels/yolo26s/fold2/weights/map_best.pt,b1137000016e260686c6eef40846319a7b4a142a3d5d325ba9ae4fab95e7d98c,1,LQS,5,8,1.00000000,0.00000000,0.00000000,0.00000000,0.71512000,0.57705057
new_labels,yolo26s,fold2,map_best.pt,new_labels/yolo26s/fold2/weights/map_best.pt,b1137000016e260686c6eef40846319a7b4a142a3d5d325ba9ae4fab95e7d98c,2,QHS,39,125,0.77738321,0.78222446,0.22261679,0.77979632,0.83582059,0.58864721
new_labels,yolo26s,fold2,map_best.pt,new_labels/yolo26s/fold2/weights/map_best.pt,b1137000016e260686c6eef40846319a7b4a142a3d5d325ba9ae4fab95e7d98c,3,MS,235,388,0.86465035,0.84536082,0.13534965,0.85489679,0.89101966,0.59176103
new_labels,yolo26s,fold2,map_best.pt,new_labels/yolo26s/fold2/weights/map_best.pt,b1137000016e260686c6eef40846319a7b4a142a3d5d325ba9ae4fab95e7d98c,4,A1_SU-35,55,267,0.94515349,0.96813258,0.05484651,0.95650504,0.97010450,0.83663541
new_labels,yolo26s,fold2,map_best.pt,new_labels/yolo26s/fold2/weights/map_best.pt,b1137000016e260686c6eef40846319a7b4a142a3d5d325ba9ae4fab95e7d98c,5,A2_C-130,57,340,0.98726821,0.98823529,0.01273179,0.98775152,0.99470608,0.79815828
new_labels,yolo26s,fold2,map_best.pt,new_labels/yolo26s/fold2/weights/map_best.pt,b1137000016e260686c6eef40846319a7b4a142a3d5d325ba9ae4fab95e7d98c,6,A3_C-17,51,239,0.98346851,0.99565939,0.01653149,0.98952640,0.99420273,0.81943951
new_labels,yolo26s,fold2,map_best.pt,new_labels/yolo26s/fold2/weights/map_best.pt,b1137000016e260686c6eef40846319a7b4a142a3d5d325ba9ae4fab95e7d98c,7,A4_C-5,23,123,0.97440117,0.92840814,0.02559883,0.95084880,0.99074482,0.88421943
new_labels,yolo26s,fold2,map_best.pt,new_labels/yolo26s/fold2/weights/map_best.pt,b1137000016e260686c6eef40846319a7b4a142a3d5d325ba9ae4fab95e7d98c,8,A5_F-16,48,178,0.98511944,0.96067416,0.01488056,0.97274325,0.97582149,0.73289348
new_labels,yolo26s,fold2,map_best.pt,new_labels/yolo26s/fold2/weights/map_best.pt,b1137000016e260686c6eef40846319a7b4a142a3d5d325ba9ae4fab95e7d98c,9,A6_TU-160,17,84,0.97593586,0.96562371,0.02406414,0.97075240,0.99288668,0.82542090
new_labels,yolo26s,fold2,map_best.pt,new_labels/yolo26s/fold2/weights/map_best.pt,b1137000016e260686c6eef40846319a7b4a142a3d5d325ba9ae4fab95e7d98c,10,A7_E-3,31,98,0.98375233,0.96938776,0.01624767,0.97651722,0.99232783,0.82753635
new_labels,yolo26s,fold2,map_best.pt,new_labels/yolo26s/fold2/weights/map_best.pt,b1137000016e260686c6eef40846319a7b4a142a3d5d325ba9ae4fab95e7d98c,11,A8_B-52,33,149,0.98662728,0.99033424,0.01337272,0.98847728,0.99425782,0.87251019
new_labels,yolo26s,fold2,map_best.pt,new_labels/yolo26s/fold2/weights/map_best.pt,b1137000016e260686c6eef40846319a7b4a142a3d5d325ba9ae4fab95e7d98c,12,A9_P-3C,37,200,0.99499666,0.99433604,0.00500334,0.99466624,0.99480000,0.80398225
new_labels,yolo26s,fold2,map_best.pt,new_labels/yolo26s/fold2/weights/map_best.pt,b1137000016e260686c6eef40846319a7b4a142a3d5d325ba9ae4fab95e7d98c,13,A10_B-1B,31,136,1.00000000,0.98252663,0.00000000,0.99118631,0.99500000,0.83719924
new_labels,yolo26s,fold2,map_best.pt,new_labels/yolo26s/fold2/weights/map_best.pt,b1137000016e260686c6eef40846319a7b4a142a3d5d325ba9ae4fab95e7d98c,14,A11_E-8,31,110,0.94051376,0.93636364,0.05948624,0.93843411,0.98207741,0.84404316
new_labels,yolo26s,fold2,map_best.pt,new_labels/yolo26s/fold2/weights/map_best.pt,b1137000016e260686c6eef40846319a7b4a142a3d5d325ba9ae4fab95e7d98c,15,A12_TU-22,37,108,0.95499112,1.00000000,0.04500888,0.97697745,0.99481481,0.87613172
new_labels,yolo26s,fold2,map_best.pt,new_labels/yolo26s/fold2/weights/map_best.pt,b1137000016e260686c6eef40846319a7b4a142a3d5d325ba9ae4fab95e7d98c,16,A13_F-15,42,276,0.95098666,0.99275362,0.04901334,0.97142140,0.97972326,0.77274986
new_labels,yolo26s,fold2,map_best.pt,new_labels/yolo26s/fold2/weights/map_best.pt,b1137000016e260686c6eef40846319a7b4a142a3d5d325ba9ae4fab95e7d98c,17,A14_KC-135,71,344,0.97031692,0.98837209,0.02968308,0.97926129,0.99250500,0.81417336
new_labels,yolo26s,fold2,map_best.pt,new_labels/yolo26s/fold2/weights/map_best.pt,b1137000016e260686c6eef40846319a7b4a142a3d5d325ba9ae4fab95e7d98c,18,A15_F-22,22,98,0.98894126,0.91254015,0.01105874,0.94920582,0.97461162,0.74496129
new_labels,yolo26s,fold2,map_best.pt,new_labels/yolo26s/fold2/weights/map_best.pt,b1137000016e260686c6eef40846319a7b4a142a3d5d325ba9ae4fab95e7d98c,19,A16_FA-18,48,454,0.99883128,0.99559471,0.00116872,0.99721037,0.99500000,0.83821269
new_labels,yolo26s,fold2,map_best.pt,new_labels/yolo26s/fold2/weights/map_best.pt,b1137000016e260686c6eef40846319a7b4a142a3d5d325ba9ae4fab95e7d98c,20,A17_TU-95,59,212,0.98623736,0.97641509,0.01376264,0.98130165,0.99443909,0.91580620
new_labels,yolo26s,fold2,map_best.pt,new_labels/yolo26s/fold2/weights/map_best.pt,b1137000016e260686c6eef40846319a7b4a142a3d5d325ba9ae4fab95e7d98c,21,A18_KC-10,17,63,1.00000000,0.91598609,0.00000000,0.95615109,0.99484375,0.86915680
new_labels,yolo26s,fold2,map_best.pt,new_labels/yolo26s/fold2/weights/map_best.pt,b1137000016e260686c6eef40846319a7b4a142a3d5d325ba9ae4fab95e7d98c,22,A19_SU-34,56,213,0.96907630,0.93427230,0.03092370,0.95135609,0.97541569,0.81925987
new_labels,yolo26s,fold2,map_best.pt,new_labels/yolo26s/fold2/weights/map_best.pt,b1137000016e260686c6eef40846319a7b4a142a3d5d325ba9ae4fab95e7d98c,23,A20_SU-24,40,158,1.00000000,0.95476067,0.00000000,0.97685685,0.99378830,0.82428217
new_labels,yolo26s,fold2,map_best.pt,new_labels/yolo26s/fold2/weights/map_best.pt,b1137000016e260686c6eef40846319a7b4a142a3d5d325ba9ae4fab95e7d98c,24,FSC,13,60,0.75381481,0.45940986,0.24618519,0.57089171,0.57134056,0.32801545
new_labels,yolo26s,fold2,precision_fdr_best.pt,new_labels/yolo26s/fold2/weights/precision_fdr_best.pt,101fc23b3427612b26ee413e214c517767b2ad27e820a1cb3154b9e1ef081fcd,0,HM,3,3,0.81805349,1.00000000,0.18194651,0.89992236,0.99500000,0.99500000
new_labels,yolo26s,fold2,precision_fdr_best.pt,new_labels/yolo26s/fold2/weights/precision_fdr_best.pt,101fc23b3427612b26ee413e214c517767b2ad27e820a1cb3154b9e1ef081fcd,1,LQS,5,8,1.00000000,0.00000000,0.00000000,0.00000000,0.34941667,0.28365651
new_labels,yolo26s,fold2,precision_fdr_best.pt,new_labels/yolo26s/fold2/weights/precision_fdr_best.pt,101fc23b3427612b26ee413e214c517767b2ad27e820a1cb3154b9e1ef081fcd,2,QHS,39,125,0.79978623,0.77600000,0.20021377,0.78771359,0.83840161,0.60137386
new_labels,yolo26s,fold2,precision_fdr_best.pt,new_labels/yolo26s/fold2/weights/precision_fdr_best.pt,101fc23b3427612b26ee413e214c517767b2ad27e820a1cb3154b9e1ef081fcd,3,MS,235,388,0.89229388,0.81137200,0.10770612,0.84991110,0.89641802,0.60082847
new_labels,yolo26s,fold2,precision_fdr_best.pt,new_labels/yolo26s/fold2/weights/precision_fdr_best.pt,101fc23b3427612b26ee413e214c517767b2ad27e820a1cb3154b9e1ef081fcd,4,A1_SU-35,55,267,0.95471772,0.94758177,0.04528228,0.95113636,0.97016164,0.83824835
new_labels,yolo26s,fold2,precision_fdr_best.pt,new_labels/yolo26s/fold2/weights/precision_fdr_best.pt,101fc23b3427612b26ee413e214c517767b2ad27e820a1cb3154b9e1ef081fcd,5,A2_C-130,57,340,0.99408041,0.98782830,0.00591959,0.99094449,0.99476189,0.79186112
new_labels,yolo26s,fold2,precision_fdr_best.pt,new_labels/yolo26s/fold2/weights/precision_fdr_best.pt,101fc23b3427612b26ee413e214c517767b2ad27e820a1cb3154b9e1ef081fcd,6,A3_C-17,51,239,0.98487884,0.99581590,0.01512116,0.99031718,0.99474680,0.82440317
new_labels,yolo26s,fold2,precision_fdr_best.pt,new_labels/yolo26s/fold2/weights/precision_fdr_best.pt,101fc23b3427612b26ee413e214c517767b2ad27e820a1cb3154b9e1ef081fcd,7,A4_C-5,23,123,0.98202687,0.88844718,0.01797313,0.93289613,0.99073040,0.88168415
new_labels,yolo26s,fold2,precision_fdr_best.pt,new_labels/yolo26s/fold2/weights/precision_fdr_best.pt,101fc23b3427612b26ee413e214c517767b2ad27e820a1cb3154b9e1ef081fcd,8,A5_F-16,48,178,0.98838846,0.95642446,0.01161154,0.97214379,0.97802247,0.73594895
new_labels,yolo26s,fold2,precision_fdr_best.pt,new_labels/yolo26s/fold2/weights/precision_fdr_best.pt,101fc23b3427612b26ee413e214c517767b2ad27e820a1cb3154b9e1ef081fcd,9,A6_TU-160,17,84,0.98793374,0.97472677,0.01206626,0.98128582,0.99273313,0.82739523
new_labels,yolo26s,fold2,precision_fdr_best.pt,new_labels/yolo26s/fold2/weights/precision_fdr_best.pt,101fc23b3427612b26ee413e214c517767b2ad27e820a1cb3154b9e1ef081fcd,10,A7_E-3,31,98,0.98347257,0.96938776,0.01652743,0.97637937,0.99123113,0.83844059
new_labels,yolo26s,fold2,precision_fdr_best.pt,new_labels/yolo26s/fold2/weights/precision_fdr_best.pt,101fc23b3427612b26ee413e214c517767b2ad27e820a1cb3154b9e1ef081fcd,11,A8_B-52,33,149,0.99314651,0.97256139,0.00685349,0.98274617,0.99407441,0.86740199
new_labels,yolo26s,fold2,precision_fdr_best.pt,new_labels/yolo26s/fold2/weights/precision_fdr_best.pt,101fc23b3427612b26ee413e214c517767b2ad27e820a1cb3154b9e1ef081fcd,12,A9_P-3C,37,200,0.98984295,1.00000000,0.01015705,0.99489555,0.99485049,0.81220737
new_labels,yolo26s,fold2,precision_fdr_best.pt,new_labels/yolo26s/fold2/weights/precision_fdr_best.pt,101fc23b3427612b26ee413e214c517767b2ad27e820a1cb3154b9e1ef081fcd,13,A10_B-1B,31,136,0.99667632,0.99264706,0.00332368,0.99465761,0.99500000,0.83394810
new_labels,yolo26s,fold2,precision_fdr_best.pt,new_labels/yolo26s/fold2/weights/precision_fdr_best.pt,101fc23b3427612b26ee413e214c517767b2ad27e820a1cb3154b9e1ef081fcd,14,A11_E-8,31,110,0.95672622,0.90909091,0.04327378,0.93230048,0.97465825,0.83543252
new_labels,yolo26s,fold2,precision_fdr_best.pt,new_labels/yolo26s/fold2/weights/precision_fdr_best.pt,101fc23b3427612b26ee413e214c517767b2ad27e820a1cb3154b9e1ef081fcd,15,A12_TU-22,37,108,0.97053827,0.99074074,0.02946173,0.98053545,0.99490741,0.86574742
new_labels,yolo26s,fold2,precision_fdr_best.pt,new_labels/yolo26s/fold2/weights/precision_fdr_best.pt,101fc23b3427612b26ee413e214c517767b2ad27e820a1cb3154b9e1ef081fcd,16,A13_F-15,42,276,0.96463517,0.98828783,0.03536483,0.97631827,0.98343996,0.76804419
new_labels,yolo26s,fold2,precision_fdr_best.pt,new_labels/yolo26s/fold2/weights/precision_fdr_best.pt,101fc23b3427612b26ee413e214c517767b2ad27e820a1cb3154b9e1ef081fcd,17,A14_KC-135,71,344,0.96731943,0.98546512,0.03268057,0.97630797,0.99223781,0.81370936
new_labels,yolo26s,fold2,precision_fdr_best.pt,new_labels/yolo26s/fold2/weights/precision_fdr_best.pt,101fc23b3427612b26ee413e214c517767b2ad27e820a1cb3154b9e1ef081fcd,18,A15_F-22,22,98,0.98867812,0.89109194,0.01132188,0.93735199,0.97696317,0.74207689
new_labels,yolo26s,fold2,precision_fdr_best.pt,new_labels/yolo26s/fold2/weights/precision_fdr_best.pt,101fc23b3427612b26ee413e214c517767b2ad27e820a1cb3154b9e1ef081fcd,19,A16_FA-18,48,454,0.99779156,0.99517250,0.00220844,0.99648031,0.99497792,0.83381860
new_labels,yolo26s,fold2,precision_fdr_best.pt,new_labels/yolo26s/fold2/weights/precision_fdr_best.pt,101fc23b3427612b26ee413e214c517767b2ad27e820a1cb3154b9e1ef081fcd,20,A17_TU-95,59,212,0.98955191,0.97169811,0.01044809,0.98054375,0.99438461,0.91381306
new_labels,yolo26s,fold2,precision_fdr_best.pt,new_labels/yolo26s/fold2/weights/precision_fdr_best.pt,101fc23b3427612b26ee413e214c517767b2ad27e820a1cb3154b9e1ef081fcd,21,A18_KC-10,17,63,1.00000000,0.93038167,0.00000000,0.96393546,0.99361669,0.86517403
new_labels,yolo26s,fold2,precision_fdr_best.pt,new_labels/yolo26s/fold2/weights/precision_fdr_best.pt,101fc23b3427612b26ee413e214c517767b2ad27e820a1cb3154b9e1ef081fcd,22,A19_SU-34,56,213,0.97541561,0.93137217,0.02458439,0.95288523,0.97593068,0.82242761
new_labels,yolo26s,fold2,precision_fdr_best.pt,new_labels/yolo26s/fold2/weights/precision_fdr_best.pt,101fc23b3427612b26ee413e214c517767b2ad27e820a1cb3154b9e1ef081fcd,23,A20_SU-24,40,158,1.00000000,0.94688976,0.00000000,0.97272047,0.99205805,0.82075704
new_labels,yolo26s,fold2,precision_fdr_best.pt,new_labels/yolo26s/fold2/weights/precision_fdr_best.pt,101fc23b3427612b26ee413e214c517767b2ad27e820a1cb3154b9e1ef081fcd,24,FSC,13,60,0.88443228,0.38267212,0.11556772,0.53420630,0.56630854,0.32278070
new_labels,yolo26s,fold2,recall_best.pt,new_labels/yolo26s/fold2/weights/recall_best.pt,590bad80e5d13103ff7900a9752e960681be272c06eee85ba785c7d7e14b991a,0,HM,3,3,0.95611387,1.00000000,0.04388613,0.97756464,0.99500000,0.89550000
new_labels,yolo26s,fold2,recall_best.pt,new_labels/yolo26s/fold2/weights/recall_best.pt,590bad80e5d13103ff7900a9752e960681be272c06eee85ba785c7d7e14b991a,1,LQS,5,8,1.00000000,0.46296710,0.00000000,0.63291526,0.86655000,0.65068587
new_labels,yolo26s,fold2,recall_best.pt,new_labels/yolo26s/fold2/weights/recall_best.pt,590bad80e5d13103ff7900a9752e960681be272c06eee85ba785c7d7e14b991a,2,QHS,39,125,0.64525766,0.91200000,0.35474234,0.75578371,0.84854290,0.56511919
new_labels,yolo26s,fold2,recall_best.pt,new_labels/yolo26s/fold2/weights/recall_best.pt,590bad80e5d13103ff7900a9752e960681be272c06eee85ba785c7d7e14b991a,3,MS,235,388,0.75886552,0.87628866,0.24113448,0.81336091,0.87172288,0.56940134
new_labels,yolo26s,fold2,recall_best.pt,new_labels/yolo26s/fold2/weights/recall_best.pt,590bad80e5d13103ff7900a9752e960681be272c06eee85ba785c7d7e14b991a,4,A1_SU-35,55,267,0.93383570,0.95149892,0.06616430,0.94258457,0.97917148,0.82391660
new_labels,yolo26s,fold2,recall_best.pt,new_labels/yolo26s/fold2/weights/recall_best.pt,590bad80e5d13103ff7900a9752e960681be272c06eee85ba785c7d7e14b991a,5,A2_C-130,57,340,0.93260244,0.99411765,0.06739756,0.96237803,0.99449891,0.78486508
new_labels,yolo26s,fold2,recall_best.pt,new_labels/yolo26s/fold2/weights/recall_best.pt,590bad80e5d13103ff7900a9752e960681be272c06eee85ba785c7d7e14b991a,6,A3_C-17,51,239,0.96277337,0.97390453,0.03722663,0.96830696,0.98804090,0.77927615
new_labels,yolo26s,fold2,recall_best.pt,new_labels/yolo26s/fold2/weights/recall_best.pt,590bad80e5d13103ff7900a9752e960681be272c06eee85ba785c7d7e14b991a,7,A4_C-5,23,123,0.87511670,1.00000000,0.12488330,0.93339972,0.99119184,0.87575643
new_labels,yolo26s,fold2,recall_best.pt,new_labels/yolo26s/fold2/weights/recall_best.pt,590bad80e5d13103ff7900a9752e960681be272c06eee85ba785c7d7e14b991a,8,A5_F-16,48,178,0.91865252,0.95165980,0.08134748,0.93486490,0.96330107,0.70081689
new_labels,yolo26s,fold2,recall_best.pt,new_labels/yolo26s/fold2/weights/recall_best.pt,590bad80e5d13103ff7900a9752e960681be272c06eee85ba785c7d7e14b991a,9,A6_TU-160,17,84,0.92269288,0.98809524,0.07730712,0.95427476,0.98247588,0.81257693
new_labels,yolo26s,fold2,recall_best.pt,new_labels/yolo26s/fold2/weights/recall_best.pt,590bad80e5d13103ff7900a9752e960681be272c06eee85ba785c7d7e14b991a,10,A7_E-3,31,98,0.94495013,0.97959184,0.05504987,0.96195921,0.98044887,0.80862807
new_labels,yolo26s,fold2,recall_best.pt,new_labels/yolo26s/fold2/weights/recall_best.pt,590bad80e5d13103ff7900a9752e960681be272c06eee85ba785c7d7e14b991a,11,A8_B-52,33,149,0.96447692,0.98657718,0.03552308,0.97540188,0.99098802,0.83975587
new_labels,yolo26s,fold2,recall_best.pt,new_labels/yolo26s/fold2/weights/recall_best.pt,590bad80e5d13103ff7900a9752e960681be272c06eee85ba785c7d7e14b991a,12,A9_P-3C,37,200,0.92638384,0.99000000,0.07361616,0.95713602,0.99165376,0.78257745
new_labels,yolo26s,fold2,recall_best.pt,new_labels/yolo26s/fold2/weights/recall_best.pt,590bad80e5d13103ff7900a9752e960681be272c06eee85ba785c7d7e14b991a,13,A10_B-1B,31,136,0.96363670,0.99264706,0.03636330,0.97792678,0.99433965,0.81215012
new_labels,yolo26s,fold2,recall_best.pt,new_labels/yolo26s/fold2/weights/recall_best.pt,590bad80e5d13103ff7900a9752e960681be272c06eee85ba785c7d7e14b991a,14,A11_E-8,31,110,0.90514693,0.94545455,0.09485307,0.92486177,0.98210070,0.83738402
new_labels,yolo26s,fold2,recall_best.pt,new_labels/yolo26s/fold2/weights/recall_best.pt,590bad80e5d13103ff7900a9752e960681be272c06eee85ba785c7d7e14b991a,15,A12_TU-22,37,108,0.85035748,0.95370370,0.14964252,0.89907048,0.98322116,0.83389707
new_labels,yolo26s,fold2,recall_best.pt,new_labels/yolo26s/fold2/weights/recall_best.pt,590bad80e5d13103ff7900a9752e960681be272c06eee85ba785c7d7e14b991a,16,A13_F-15,42,276,0.86691502,0.99637681,0.13308498,0.92714840,0.96622319,0.74430071
new_labels,yolo26s,fold2,recall_best.pt,new_labels/yolo26s/fold2/weights/recall_best.pt,590bad80e5d13103ff7900a9752e960681be272c06eee85ba785c7d7e14b991a,17,A14_KC-135,71,344,0.95649450,0.98546512,0.04350550,0.97076371,0.98678144,0.79926505
new_labels,yolo26s,fold2,recall_best.pt,new_labels/yolo26s/fold2/weights/recall_best.pt,590bad80e5d13103ff7900a9752e960681be272c06eee85ba785c7d7e14b991a,18,A15_F-22,22,98,0.94592412,0.89250357,0.05407588,0.91843771,0.96492386,0.71273765
new_labels,yolo26s,fold2,recall_best.pt,new_labels/yolo26s/fold2/weights/recall_best.pt,590bad80e5d13103ff7900a9752e960681be272c06eee85ba785c7d7e14b991a,19,A16_FA-18,48,454,0.93496367,0.99339207,0.06503633,0.96329269,0.99309515,0.83630454
new_labels,yolo26s,fold2,recall_best.pt,new_labels/yolo26s/fold2/weights/recall_best.pt,590bad80e5d13103ff7900a9752e960681be272c06eee85ba785c7d7e14b991a,20,A17_TU-95,59,212,0.90529113,0.97641509,0.09470887,0.93950896,0.99144462,0.88264037
new_labels,yolo26s,fold2,recall_best.pt,new_labels/yolo26s/fold2/weights/recall_best.pt,590bad80e5d13103ff7900a9752e960681be272c06eee85ba785c7d7e14b991a,21,A18_KC-10,17,63,0.96031182,0.96825397,0.03968818,0.96426654,0.99182014,0.84859688
new_labels,yolo26s,fold2,recall_best.pt,new_labels/yolo26s/fold2/weights/recall_best.pt,590bad80e5d13103ff7900a9752e960681be272c06eee85ba785c7d7e14b991a,22,A19_SU-34,56,213,0.86602438,0.94835681,0.13397562,0.90532257,0.97558320,0.77969166
new_labels,yolo26s,fold2,recall_best.pt,new_labels/yolo26s/fold2/weights/recall_best.pt,590bad80e5d13103ff7900a9752e960681be272c06eee85ba785c7d7e14b991a,23,A20_SU-24,40,158,0.99294149,0.89034527,0.00705851,0.93884880,0.96497591,0.76943937
new_labels,yolo26s,fold2,recall_best.pt,new_labels/yolo26s/fold2/weights/recall_best.pt,590bad80e5d13103ff7900a9752e960681be272c06eee85ba785c7d7e14b991a,24,FSC,13,60,0.48842428,0.63333333,0.51157572,0.55151911,0.59491923,0.31985779
new_labels,yolo26n,fold3,map_best.pt,new_labels/yolo26n/fold3/weights/map_best.pt,facc1f35d9fa2e1d7514a23f41823f3f5b8f9fc31c7914ed3037bcf69b2ed694,0,HM,2,2,1.00000000,0.86336709,0.00000000,0.92667419,0.99500000,0.80187500
new_labels,yolo26n,fold3,map_best.pt,new_labels/yolo26n/fold3/weights/map_best.pt,facc1f35d9fa2e1d7514a23f41823f3f5b8f9fc31c7914ed3037bcf69b2ed694,1,LQS,5,5,0.75670380,0.40000000,0.24329620,0.52335182,0.50562378,0.44197694
new_labels,yolo26n,fold3,map_best.pt,new_labels/yolo26n/fold3/weights/map_best.pt,facc1f35d9fa2e1d7514a23f41823f3f5b8f9fc31c7914ed3037bcf69b2ed694,2,QHS,41,163,0.67579870,0.64417178,0.32420130,0.65960634,0.70206673,0.46175755
new_labels,yolo26n,fold3,map_best.pt,new_labels/yolo26n/fold3/weights/map_best.pt,facc1f35d9fa2e1d7514a23f41823f3f5b8f9fc31c7914ed3037bcf69b2ed694,3,MS,237,345,0.78729728,0.78319559,0.21270272,0.78524108,0.84041954,0.57222907
new_labels,yolo26n,fold3,map_best.pt,new_labels/yolo26n/fold3/weights/map_best.pt,facc1f35d9fa2e1d7514a23f41823f3f5b8f9fc31c7914ed3037bcf69b2ed694,4,A1_SU-35,55,241,0.92879523,0.95850622,0.07120477,0.94341686,0.98749550,0.84437769
new_labels,yolo26n,fold3,map_best.pt,new_labels/yolo26n/fold3/weights/map_best.pt,facc1f35d9fa2e1d7514a23f41823f3f5b8f9fc31c7914ed3037bcf69b2ed694,5,A2_C-130,58,252,0.98934391,0.99603175,0.01065609,0.99267656,0.99399725,0.82802635
new_labels,yolo26n,fold3,map_best.pt,new_labels/yolo26n/fold3/weights/map_best.pt,facc1f35d9fa2e1d7514a23f41823f3f5b8f9fc31c7914ed3037bcf69b2ed694,6,A3_C-17,51,209,0.95895504,0.98086124,0.04104496,0.96978445,0.99265248,0.80718565
new_labels,yolo26n,fold3,map_best.pt,new_labels/yolo26n/fold3/weights/map_best.pt,facc1f35d9fa2e1d7514a23f41823f3f5b8f9fc31c7914ed3037bcf69b2ed694,7,A4_C-5,23,84,1.00000000,0.92446325,0.00000000,0.96074919,0.98326284,0.85896375
new_labels,yolo26n,fold3,map_best.pt,new_labels/yolo26n/fold3/weights/map_best.pt,facc1f35d9fa2e1d7514a23f41823f3f5b8f9fc31c7914ed3037bcf69b2ed694,8,A5_F-16,48,243,0.98574439,0.90534979,0.01425561,0.94383822,0.96960594,0.75221748
new_labels,yolo26n,fold3,map_best.pt,new_labels/yolo26n/fold3/weights/map_best.pt,facc1f35d9fa2e1d7514a23f41823f3f5b8f9fc31c7914ed3037bcf69b2ed694,9,A6_TU-160,17,73,0.97761249,0.98630137,0.02238751,0.98193771,0.99302911,0.83274375
new_labels,yolo26n,fold3,map_best.pt,new_labels/yolo26n/fold3/weights/map_best.pt,facc1f35d9fa2e1d7514a23f41823f3f5b8f9fc31c7914ed3037bcf69b2ed694,10,A7_E-3,32,137,0.97749592,0.95117339,0.02250408,0.96415503,0.98473156,0.85914780
new_labels,yolo26n,fold3,map_best.pt,new_labels/yolo26n/fold3/weights/map_best.pt,facc1f35d9fa2e1d7514a23f41823f3f5b8f9fc31c7914ed3037bcf69b2ed694,11,A8_B-52,33,170,0.97648245,1.00000000,0.02351755,0.98810131,0.99470621,0.85820304
new_labels,yolo26n,fold3,map_best.pt,new_labels/yolo26n/fold3/weights/map_best.pt,facc1f35d9fa2e1d7514a23f41823f3f5b8f9fc31c7914ed3037bcf69b2ed694,12,A9_P-3C,37,193,0.98240676,1.00000000,0.01759324,0.99112531,0.99500000,0.81860319
new_labels,yolo26n,fold3,map_best.pt,new_labels/yolo26n/fold3/weights/map_best.pt,facc1f35d9fa2e1d7514a23f41823f3f5b8f9fc31c7914ed3037bcf69b2ed694,13,A10_B-1B,32,155,0.99502353,1.00000000,0.00497647,0.99750556,0.99500000,0.82133171
new_labels,yolo26n,fold3,map_best.pt,new_labels/yolo26n/fold3/weights/map_best.pt,facc1f35d9fa2e1d7514a23f41823f3f5b8f9fc31c7914ed3037bcf69b2ed694,14,A11_E-8,31,95,0.93890877,0.85263158,0.06109123,0.89369270,0.92106355,0.78233715
new_labels,yolo26n,fold3,map_best.pt,new_labels/yolo26n/fold3/weights/map_best.pt,facc1f35d9fa2e1d7514a23f41823f3f5b8f9fc31c7914ed3037bcf69b2ed694,15,A12_TU-22,38,111,0.94574237,0.99099099,0.05425763,0.96783810,0.99482143,0.85065591
new_labels,yolo26n,fold3,map_best.pt,new_labels/yolo26n/fold3/weights/map_best.pt,facc1f35d9fa2e1d7514a23f41823f3f5b8f9fc31c7914ed3037bcf69b2ed694,16,A13_F-15,42,258,0.93499405,0.93023256,0.06500595,0.93260723,0.93697140,0.72518171
new_labels,yolo26n,fold3,map_best.pt,new_labels/yolo26n/fold3/weights/map_best.pt,facc1f35d9fa2e1d7514a23f41823f3f5b8f9fc31c7914ed3037bcf69b2ed694,17,A14_KC-135,72,263,0.91813453,0.98098859,0.08186547,0.94852144,0.96941237,0.79705383
new_labels,yolo26n,fold3,map_best.pt,new_labels/yolo26n/fold3/weights/map_best.pt,facc1f35d9fa2e1d7514a23f41823f3f5b8f9fc31c7914ed3037bcf69b2ed694,18,A15_F-22,23,115,0.81559807,0.80767467,0.18440193,0.81161703,0.89958873,0.69345759
new_labels,yolo26n,fold3,map_best.pt,new_labels/yolo26n/fold3/weights/map_best.pt,facc1f35d9fa2e1d7514a23f41823f3f5b8f9fc31c7914ed3037bcf69b2ed694,19,A16_FA-18,48,396,0.97878317,0.99747475,0.02121683,0.98804056,0.99079417,0.81951243
new_labels,yolo26n,fold3,map_best.pt,new_labels/yolo26n/fold3/weights/map_best.pt,facc1f35d9fa2e1d7514a23f41823f3f5b8f9fc31c7914ed3037bcf69b2ed694,20,A17_TU-95,60,233,0.99564552,0.98132922,0.00435448,0.98843554,0.99474393,0.88355061
new_labels,yolo26n,fold3,map_best.pt,new_labels/yolo26n/fold3/weights/map_best.pt,facc1f35d9fa2e1d7514a23f41823f3f5b8f9fc31c7914ed3037bcf69b2ed694,21,A18_KC-10,16,52,0.88698935,1.00000000,0.11301065,0.94011060,0.99213120,0.85339694
new_labels,yolo26n,fold3,map_best.pt,new_labels/yolo26n/fold3/weights/map_best.pt,facc1f35d9fa2e1d7514a23f41823f3f5b8f9fc31c7914ed3037bcf69b2ed694,22,A19_SU-34,56,145,0.89259608,0.92413793,0.10740392,0.90809319,0.97361258,0.79899244
new_labels,yolo26n,fold3,map_best.pt,new_labels/yolo26n/fold3/weights/map_best.pt,facc1f35d9fa2e1d7514a23f41823f3f5b8f9fc31c7914ed3037bcf69b2ed694,23,A20_SU-24,40,134,0.86931584,0.97761194,0.13068416,0.92028888,0.98426270,0.81893419
new_labels,yolo26n,fold3,map_best.pt,new_labels/yolo26n/fold3/weights/map_best.pt,facc1f35d9fa2e1d7514a23f41823f3f5b8f9fc31c7914ed3037bcf69b2ed694,24,FSC,13,108,0.70435466,0.41666667,0.29564534,0.52359594,0.49286054,0.24798626
new_labels,yolo26n,fold3,precision_fdr_best.pt,new_labels/yolo26n/fold3/weights/precision_fdr_best.pt,f59bd1debc234323e5aa4c43907a225636af043a59903771e9743c7dd13b7b9c,0,HM,2,2,0.75525816,0.50000000,0.24474184,0.60167556,0.54600000,0.49140000
new_labels,yolo26n,fold3,precision_fdr_best.pt,new_labels/yolo26n/fold3/weights/precision_fdr_best.pt,f59bd1debc234323e5aa4c43907a225636af043a59903771e9743c7dd13b7b9c,1,LQS,5,5,0.94760945,0.40000000,0.05239055,0.56254248,0.45045455,0.38354545
new_labels,yolo26n,fold3,precision_fdr_best.pt,new_labels/yolo26n/fold3/weights/precision_fdr_best.pt,f59bd1debc234323e5aa4c43907a225636af043a59903771e9743c7dd13b7b9c,2,QHS,41,163,0.74414712,0.57668712,0.25585288,0.64980153,0.69189598,0.46536030
new_labels,yolo26n,fold3,precision_fdr_best.pt,new_labels/yolo26n/fold3/weights/precision_fdr_best.pt,f59bd1debc234323e5aa4c43907a225636af043a59903771e9743c7dd13b7b9c,3,MS,237,345,0.85014397,0.75362319,0.14985603,0.79897909,0.84915364,0.59142091
new_labels,yolo26n,fold3,precision_fdr_best.pt,new_labels/yolo26n/fold3/weights/precision_fdr_best.pt,f59bd1debc234323e5aa4c43907a225636af043a59903771e9743c7dd13b7b9c,4,A1_SU-35,55,241,0.96289538,0.96912209,0.03710462,0.96599870,0.98941956,0.85504718
new_labels,yolo26n,fold3,precision_fdr_best.pt,new_labels/yolo26n/fold3/weights/precision_fdr_best.pt,f59bd1debc234323e5aa4c43907a225636af043a59903771e9743c7dd13b7b9c,5,A2_C-130,58,252,0.99206168,0.99603175,0.00793832,0.99404275,0.99400398,0.83615187
new_labels,yolo26n,fold3,precision_fdr_best.pt,new_labels/yolo26n/fold3/weights/precision_fdr_best.pt,f59bd1debc234323e5aa4c43907a225636af043a59903771e9743c7dd13b7b9c,6,A3_C-17,51,209,0.94085610,0.98949095,0.05914390,0.96456085,0.98751868,0.79853956
new_labels,yolo26n,fold3,precision_fdr_best.pt,new_labels/yolo26n/fold3/weights/precision_fdr_best.pt,f59bd1debc234323e5aa4c43907a225636af043a59903771e9743c7dd13b7b9c,7,A4_C-5,23,84,0.99949417,0.85714286,0.00050583,0.92286136,0.97533284,0.85676304
new_labels,yolo26n,fold3,precision_fdr_best.pt,new_labels/yolo26n/fold3/weights/precision_fdr_best.pt,f59bd1debc234323e5aa4c43907a225636af043a59903771e9743c7dd13b7b9c,8,A5_F-16,48,243,0.98876593,0.87654321,0.01123407,0.92927874,0.97029240,0.77107397
new_labels,yolo26n,fold3,precision_fdr_best.pt,new_labels/yolo26n/fold3/weights/precision_fdr_best.pt,f59bd1debc234323e5aa4c43907a225636af043a59903771e9743c7dd13b7b9c,9,A6_TU-160,17,73,1.00000000,0.98593774,0.00000000,0.99291908,0.99090562,0.83344850
new_labels,yolo26n,fold3,precision_fdr_best.pt,new_labels/yolo26n/fold3/weights/precision_fdr_best.pt,f59bd1debc234323e5aa4c43907a225636af043a59903771e9743c7dd13b7b9c,10,A7_E-3,32,137,0.97013442,0.94842276,0.02986558,0.95915574,0.99174611,0.86014886
new_labels,yolo26n,fold3,precision_fdr_best.pt,new_labels/yolo26n/fold3/weights/precision_fdr_best.pt,f59bd1debc234323e5aa4c43907a225636af043a59903771e9743c7dd13b7b9c,11,A8_B-52,33,170,0.98589313,0.98823529,0.01410687,0.98706282,0.99453073,0.86322875
new_labels,yolo26n,fold3,precision_fdr_best.pt,new_labels/yolo26n/fold3/weights/precision_fdr_best.pt,f59bd1debc234323e5aa4c43907a225636af043a59903771e9743c7dd13b7b9c,12,A9_P-3C,37,193,0.99046636,1.00000000,0.00953364,0.99521035,0.99500000,0.80783055
new_labels,yolo26n,fold3,precision_fdr_best.pt,new_labels/yolo26n/fold3/weights/precision_fdr_best.pt,f59bd1debc234323e5aa4c43907a225636af043a59903771e9743c7dd13b7b9c,13,A10_B-1B,32,155,0.99353892,0.99208979,0.00646108,0.99281382,0.99493590,0.82398677
new_labels,yolo26n,fold3,precision_fdr_best.pt,new_labels/yolo26n/fold3/weights/precision_fdr_best.pt,f59bd1debc234323e5aa4c43907a225636af043a59903771e9743c7dd13b7b9c,14,A11_E-8,31,95,0.98774296,0.84830264,0.01225704,0.91272783,0.94707370,0.80222338
new_labels,yolo26n,fold3,precision_fdr_best.pt,new_labels/yolo26n/fold3/weights/precision_fdr_best.pt,f59bd1debc234323e5aa4c43907a225636af043a59903771e9743c7dd13b7b9c,15,A12_TU-22,38,111,0.98493322,0.98198198,0.01506678,0.98345538,0.99482143,0.85864107
new_labels,yolo26n,fold3,precision_fdr_best.pt,new_labels/yolo26n/fold3/weights/precision_fdr_best.pt,f59bd1debc234323e5aa4c43907a225636af043a59903771e9743c7dd13b7b9c,16,A13_F-15,42,258,0.95174483,0.93023256,0.04825517,0.94086575,0.95086563,0.74363511
new_labels,yolo26n,fold3,precision_fdr_best.pt,new_labels/yolo26n/fold3/weights/precision_fdr_best.pt,f59bd1debc234323e5aa4c43907a225636af043a59903771e9743c7dd13b7b9c,17,A14_KC-135,72,263,0.93754037,0.98859316,0.06245963,0.96239018,0.98539817,0.82302313
new_labels,yolo26n,fold3,precision_fdr_best.pt,new_labels/yolo26n/fold3/weights/precision_fdr_best.pt,f59bd1debc234323e5aa4c43907a225636af043a59903771e9743c7dd13b7b9c,18,A15_F-22,23,115,0.83716008,0.86956522,0.16283992,0.85305501,0.95437167,0.73570894
new_labels,yolo26n,fold3,precision_fdr_best.pt,new_labels/yolo26n/fold3/weights/precision_fdr_best.pt,f59bd1debc234323e5aa4c43907a225636af043a59903771e9743c7dd13b7b9c,19,A16_FA-18,48,396,0.98748609,0.99635337,0.01251391,0.99189991,0.99304376,0.81908243
new_labels,yolo26n,fold3,precision_fdr_best.pt,new_labels/yolo26n/fold3/weights/precision_fdr_best.pt,f59bd1debc234323e5aa4c43907a225636af043a59903771e9743c7dd13b7b9c,20,A17_TU-95,60,233,0.98676972,0.98712446,0.01323028,0.98694706,0.99444806,0.88472340
new_labels,yolo26n,fold3,precision_fdr_best.pt,new_labels/yolo26n/fold3/weights/precision_fdr_best.pt,f59bd1debc234323e5aa4c43907a225636af043a59903771e9743c7dd13b7b9c,21,A18_KC-10,16,52,0.97981503,0.93359275,0.02018497,0.95614559,0.99134332,0.86528759
new_labels,yolo26n,fold3,precision_fdr_best.pt,new_labels/yolo26n/fold3/weights/precision_fdr_best.pt,f59bd1debc234323e5aa4c43907a225636af043a59903771e9743c7dd13b7b9c,22,A19_SU-34,56,145,0.96318479,0.90216937,0.03681521,0.93167918,0.98125307,0.81148527
new_labels,yolo26n,fold3,precision_fdr_best.pt,new_labels/yolo26n/fold3/weights/precision_fdr_best.pt,f59bd1debc234323e5aa4c43907a225636af043a59903771e9743c7dd13b7b9c,23,A20_SU-24,40,134,0.90129110,0.97014925,0.09870890,0.93445338,0.98103019,0.82856473
new_labels,yolo26n,fold3,precision_fdr_best.pt,new_labels/yolo26n/fold3/weights/precision_fdr_best.pt,f59bd1debc234323e5aa4c43907a225636af043a59903771e9743c7dd13b7b9c,24,FSC,13,108,0.85094766,0.27777778,0.14905234,0.41883410,0.45794957,0.25284058
new_labels,yolo26n,fold3,recall_best.pt,new_labels/yolo26n/fold3/weights/recall_best.pt,dd28df79c5e8ea0425bd2e85a06804428b20a29979ac9b17d5de8444bf3f0d03,0,HM,2,2,1.00000000,0.88825257,0.00000000,0.94081966,0.99500000,0.84762500
new_labels,yolo26n,fold3,recall_best.pt,new_labels/yolo26n/fold3/weights/recall_best.pt,dd28df79c5e8ea0425bd2e85a06804428b20a29979ac9b17d5de8444bf3f0d03,1,LQS,5,5,0.57267105,0.20000000,0.42732895,0.29646305,0.33942424,0.30548182
new_labels,yolo26n,fold3,recall_best.pt,new_labels/yolo26n/fold3/weights/recall_best.pt,dd28df79c5e8ea0425bd2e85a06804428b20a29979ac9b17d5de8444bf3f0d03,2,QHS,41,163,0.66258876,0.66871166,0.33741124,0.66563613,0.71561909,0.47155018
new_labels,yolo26n,fold3,recall_best.pt,new_labels/yolo26n/fold3/weights/recall_best.pt,dd28df79c5e8ea0425bd2e85a06804428b20a29979ac9b17d5de8444bf3f0d03,3,MS,237,345,0.76827621,0.82318841,0.23172379,0.79478496,0.85137799,0.56527233
new_labels,yolo26n,fold3,recall_best.pt,new_labels/yolo26n/fold3/weights/recall_best.pt,dd28df79c5e8ea0425bd2e85a06804428b20a29979ac9b17d5de8444bf3f0d03,4,A1_SU-35,55,241,0.88564489,0.96680498,0.11435511,0.92444703,0.97810846,0.83311902
new_labels,yolo26n,fold3,recall_best.pt,new_labels/yolo26n/fold3/weights/recall_best.pt,dd28df79c5e8ea0425bd2e85a06804428b20a29979ac9b17d5de8444bf3f0d03,5,A2_C-130,58,252,0.97378919,0.98809524,0.02621081,0.98089005,0.99424883,0.82757606
new_labels,yolo26n,fold3,recall_best.pt,new_labels/yolo26n/fold3/weights/recall_best.pt,dd28df79c5e8ea0425bd2e85a06804428b20a29979ac9b17d5de8444bf3f0d03,6,A3_C-17,51,209,0.92365192,1.00000000,0.07634808,0.96031087,0.99299659,0.80981078
new_labels,yolo26n,fold3,recall_best.pt,new_labels/yolo26n/fold3/weights/recall_best.pt,dd28df79c5e8ea0425bd2e85a06804428b20a29979ac9b17d5de8444bf3f0d03,7,A4_C-5,23,84,0.98691718,0.89808752,0.01308282,0.94040933,0.98564726,0.85237688
new_labels,yolo26n,fold3,recall_best.pt,new_labels/yolo26n/fold3/weights/recall_best.pt,dd28df79c5e8ea0425bd2e85a06804428b20a29979ac9b17d5de8444bf3f0d03,8,A5_F-16,48,243,0.99073651,0.88025417,0.00926349,0.93223334,0.95845048,0.74102517
new_labels,yolo26n,fold3,recall_best.pt,new_labels/yolo26n/fold3/weights/recall_best.pt,dd28df79c5e8ea0425bd2e85a06804428b20a29979ac9b17d5de8444bf3f0d03,9,A6_TU-160,17,73,0.99141599,0.97260274,0.00858401,0.98191926,0.99009300,0.81790603
new_labels,yolo26n,fold3,recall_best.pt,new_labels/yolo26n/fold3/weights/recall_best.pt,dd28df79c5e8ea0425bd2e85a06804428b20a29979ac9b17d5de8444bf3f0d03,10,A7_E-3,32,137,0.97269863,0.92700730,0.02730137,0.94930349,0.97780371,0.84215671
new_labels,yolo26n,fold3,recall_best.pt,new_labels/yolo26n/fold3/weights/recall_best.pt,dd28df79c5e8ea0425bd2e85a06804428b20a29979ac9b17d5de8444bf3f0d03,11,A8_B-52,33,170,0.99074718,1.00000000,0.00925282,0.99535209,0.99500000,0.85207088
new_labels,yolo26n,fold3,recall_best.pt,new_labels/yolo26n/fold3/weights/recall_best.pt,dd28df79c5e8ea0425bd2e85a06804428b20a29979ac9b17d5de8444bf3f0d03,12,A9_P-3C,37,193,0.98438445,0.97987954,0.01561555,0.98212683,0.99453993,0.81344591
new_labels,yolo26n,fold3,recall_best.pt,new_labels/yolo26n/fold3/weights/recall_best.pt,dd28df79c5e8ea0425bd2e85a06804428b20a29979ac9b17d5de8444bf3f0d03,13,A10_B-1B,32,155,0.99776655,1.00000000,0.00223345,0.99888203,0.99500000,0.82124724
new_labels,yolo26n,fold3,recall_best.pt,new_labels/yolo26n/fold3/weights/recall_best.pt,dd28df79c5e8ea0425bd2e85a06804428b20a29979ac9b17d5de8444bf3f0d03,14,A11_E-8,31,95,0.96364356,0.83704592,0.03635644,0.89589451,0.94324586,0.80571958
new_labels,yolo26n,fold3,recall_best.pt,new_labels/yolo26n/fold3/weights/recall_best.pt,dd28df79c5e8ea0425bd2e85a06804428b20a29979ac9b17d5de8444bf3f0d03,15,A12_TU-22,38,111,0.97369623,0.99099099,0.02630377,0.98226749,0.99454870,0.83546317
new_labels,yolo26n,fold3,recall_best.pt,new_labels/yolo26n/fold3/weights/recall_best.pt,dd28df79c5e8ea0425bd2e85a06804428b20a29979ac9b17d5de8444bf3f0d03,16,A13_F-15,42,258,0.93395588,0.92635659,0.06604412,0.93014071,0.94929566,0.72632621
new_labels,yolo26n,fold3,recall_best.pt,new_labels/yolo26n/fold3/weights/recall_best.pt,dd28df79c5e8ea0425bd2e85a06804428b20a29979ac9b17d5de8444bf3f0d03,17,A14_KC-135,72,263,0.91216729,0.99239544,0.08783271,0.95059159,0.96387917,0.78261672
new_labels,yolo26n,fold3,recall_best.pt,new_labels/yolo26n/fold3/weights/recall_best.pt,dd28df79c5e8ea0425bd2e85a06804428b20a29979ac9b17d5de8444bf3f0d03,18,A15_F-22,23,115,0.80310439,0.83478261,0.19689561,0.81863716,0.86884773,0.65426856
new_labels,yolo26n,fold3,recall_best.pt,new_labels/yolo26n/fold3/weights/recall_best.pt,dd28df79c5e8ea0425bd2e85a06804428b20a29979ac9b17d5de8444bf3f0d03,19,A16_FA-18,48,396,0.98747727,0.99747475,0.01252273,0.99245083,0.99333982,0.81560465
new_labels,yolo26n,fold3,recall_best.pt,new_labels/yolo26n/fold3/weights/recall_best.pt,dd28df79c5e8ea0425bd2e85a06804428b20a29979ac9b17d5de8444bf3f0d03,20,A17_TU-95,60,233,0.95055475,0.99010110,0.04944525,0.96992499,0.99321083,0.86789057
new_labels,yolo26n,fold3,recall_best.pt,new_labels/yolo26n/fold3/weights/recall_best.pt,dd28df79c5e8ea0425bd2e85a06804428b20a29979ac9b17d5de8444bf3f0d03,21,A18_KC-10,16,52,1.00000000,0.95926982,0.00000000,0.97921155,0.99263238,0.84320550
new_labels,yolo26n,fold3,recall_best.pt,new_labels/yolo26n/fold3/weights/recall_best.pt,dd28df79c5e8ea0425bd2e85a06804428b20a29979ac9b17d5de8444bf3f0d03,22,A19_SU-34,56,145,0.88210157,0.90344828,0.11789843,0.89264732,0.95952587,0.78024283
new_labels,yolo26n,fold3,recall_best.pt,new_labels/yolo26n/fold3/weights/recall_best.pt,dd28df79c5e8ea0425bd2e85a06804428b20a29979ac9b17d5de8444bf3f0d03,23,A20_SU-24,40,134,0.97576800,0.97014925,0.02423200,0.97295052,0.99237059,0.84250940
new_labels,yolo26n,fold3,recall_best.pt,new_labels/yolo26n/fold3/weights/recall_best.pt,dd28df79c5e8ea0425bd2e85a06804428b20a29979ac9b17d5de8444bf3f0d03,24,FSC,13,108,0.80996523,0.35522795,0.19003477,0.49386195,0.49585523,0.24889832
new_labels,yolo26s,fold3,map_best.pt,new_labels/yolo26s/fold3/weights/map_best.pt,f984d0d67895fa78c397e20291adc98d02718776ad6d962874b3ea368446a5a8,0,HM,2,2,0.74156581,0.50000000,0.25843419,0.59728272,0.74500000,0.64914286
new_labels,yolo26s,fold3,map_best.pt,new_labels/yolo26s/fold3/weights/map_best.pt,f984d0d67895fa78c397e20291adc98d02718776ad6d962874b3ea368446a5a8,1,LQS,5,5,0.81897736,0.40000000,0.18102264,0.53748487,0.58844156,0.50105087
new_labels,yolo26s,fold3,map_best.pt,new_labels/yolo26s/fold3/weights/map_best.pt,f984d0d67895fa78c397e20291adc98d02718776ad6d962874b3ea368446a5a8,2,QHS,41,163,0.79940570,0.73348006,0.20059430,0.76502523,0.79318621,0.54739955
new_labels,yolo26s,fold3,map_best.pt,new_labels/yolo26s/fold3/weights/map_best.pt,f984d0d67895fa78c397e20291adc98d02718776ad6d962874b3ea368446a5a8,3,MS,237,345,0.83403890,0.79130435,0.16596110,0.81210982,0.88276691,0.63675344
new_labels,yolo26s,fold3,map_best.pt,new_labels/yolo26s/fold3/weights/map_best.pt,f984d0d67895fa78c397e20291adc98d02718776ad6d962874b3ea368446a5a8,4,A1_SU-35,55,241,0.96306274,0.97368199,0.03693726,0.96834325,0.98377057,0.86174769
new_labels,yolo26s,fold3,map_best.pt,new_labels/yolo26s/fold3/weights/map_best.pt,f984d0d67895fa78c397e20291adc98d02718776ad6d962874b3ea368446a5a8,5,A2_C-130,58,252,0.99340616,0.99603175,0.00659384,0.99471722,0.99428571,0.83447688
new_labels,yolo26s,fold3,map_best.pt,new_labels/yolo26s/fold3/weights/map_best.pt,f984d0d67895fa78c397e20291adc98d02718776ad6d962874b3ea368446a5a8,6,A3_C-17,51,209,0.97944599,1.00000000,0.02055401,0.98961628,0.99245192,0.82654820
new_labels,yolo26s,fold3,map_best.pt,new_labels/yolo26s/fold3/weights/map_best.pt,f984d0d67895fa78c397e20291adc98d02718776ad6d962874b3ea368446a5a8,7,A4_C-5,23,84,1.00000000,0.91764591,0.00000000,0.95705459,0.98771390,0.88496006
new_labels,yolo26s,fold3,map_best.pt,new_labels/yolo26s/fold3/weights/map_best.pt,f984d0d67895fa78c397e20291adc98d02718776ad6d962874b3ea368446a5a8,8,A5_F-16,48,243,0.98964993,0.87242798,0.01035007,0.92734927,0.98117347,0.77655608
new_labels,yolo26s,fold3,map_best.pt,new_labels/yolo26s/fold3/weights/map_best.pt,f984d0d67895fa78c397e20291adc98d02718776ad6d962874b3ea368446a5a8,9,A6_TU-160,17,73,0.98626573,0.98373563,0.01373427,0.98499906,0.98947354,0.83190890
new_labels,yolo26s,fold3,map_best.pt,new_labels/yolo26s/fold3/weights/map_best.pt,f984d0d67895fa78c397e20291adc98d02718776ad6d962874b3ea368446a5a8,10,A7_E-3,32,137,1.00000000,0.95224974,0.00000000,0.97554091,0.98948666,0.86008280
new_labels,yolo26s,fold3,map_best.pt,new_labels/yolo26s/fold3/weights/map_best.pt,f984d0d67895fa78c397e20291adc98d02718776ad6d962874b3ea368446a5a8,11,A8_B-52,33,170,0.99858702,1.00000000,0.00141298,0.99929301,0.99500000,0.87301155
new_labels,yolo26s,fold3,map_best.pt,new_labels/yolo26s/fold3/weights/map_best.pt,f984d0d67895fa78c397e20291adc98d02718776ad6d962874b3ea368446a5a8,12,A9_P-3C,37,193,1.00000000,0.98702330,0.00000000,0.99346928,0.99474747,0.84079006
new_labels,yolo26s,fold3,map_best.pt,new_labels/yolo26s/fold3/weights/map_best.pt,f984d0d67895fa78c397e20291adc98d02718776ad6d962874b3ea368446a5a8,13,A10_B-1B,32,155,0.98481626,1.00000000,0.01518374,0.99235005,0.99500000,0.82882617
new_labels,yolo26s,fold3,map_best.pt,new_labels/yolo26s/fold3/weights/map_best.pt,f984d0d67895fa78c397e20291adc98d02718776ad6d962874b3ea368446a5a8,14,A11_E-8,31,95,0.98542779,0.86315789,0.01457221,0.92024923,0.95141642,0.81939789
new_labels,yolo26s,fold3,map_best.pt,new_labels/yolo26s/fold3/weights/map_best.pt,f984d0d67895fa78c397e20291adc98d02718776ad6d962874b3ea368446a5a8,15,A12_TU-22,38,111,0.97177701,0.99099099,0.02822299,0.98128996,0.99500000,0.87525700
new_labels,yolo26s,fold3,map_best.pt,new_labels/yolo26s/fold3/weights/map_best.pt,f984d0d67895fa78c397e20291adc98d02718776ad6d962874b3ea368446a5a8,16,A13_F-15,42,258,0.93705403,0.90697674,0.06294597,0.92177010,0.94837359,0.75224926
new_labels,yolo26s,fold3,map_best.pt,new_labels/yolo26s/fold3/weights/map_best.pt,f984d0d67895fa78c397e20291adc98d02718776ad6d962874b3ea368446a5a8,17,A14_KC-135,72,263,0.94783686,0.99619772,0.05216314,0.97141577,0.97897075,0.81975405
new_labels,yolo26s,fold3,map_best.pt,new_labels/yolo26s/fold3/weights/map_best.pt,f984d0d67895fa78c397e20291adc98d02718776ad6d962874b3ea368446a5a8,18,A15_F-22,23,115,0.90442591,0.90517128,0.09557409,0.90479844,0.97675101,0.77708649
new_labels,yolo26s,fold3,map_best.pt,new_labels/yolo26s/fold3/weights/map_best.pt,f984d0d67895fa78c397e20291adc98d02718776ad6d962874b3ea368446a5a8,19,A16_FA-18,48,396,0.98745518,0.99386782,0.01254482,0.99065112,0.99263870,0.81903084
new_labels,yolo26s,fold3,map_best.pt,new_labels/yolo26s/fold3/weights/map_best.pt,f984d0d67895fa78c397e20291adc98d02718776ad6d962874b3ea368446a5a8,20,A17_TU-95,60,233,0.99650709,0.99570815,0.00349291,0.99610746,0.99500000,0.90711165
new_labels,yolo26s,fold3,map_best.pt,new_labels/yolo26s/fold3/weights/map_best.pt,f984d0d67895fa78c397e20291adc98d02718776ad6d962874b3ea368446a5a8,21,A18_KC-10,16,52,0.97181939,1.00000000,0.02818061,0.98570832,0.98556604,0.83583068
new_labels,yolo26s,fold3,map_best.pt,new_labels/yolo26s/fold3/weights/map_best.pt,f984d0d67895fa78c397e20291adc98d02718776ad6d962874b3ea368446a5a8,22,A19_SU-34,56,145,0.95734715,0.92877337,0.04265285,0.94284382,0.96733497,0.83873624
new_labels,yolo26s,fold3,map_best.pt,new_labels/yolo26s/fold3/weights/map_best.pt,f984d0d67895fa78c397e20291adc98d02718776ad6d962874b3ea368446a5a8,23,A20_SU-24,40,134,0.90891694,0.98507463,0.09108306,0.94546463,0.98758078,0.85856945
new_labels,yolo26s,fold3,map_best.pt,new_labels/yolo26s/fold3/weights/map_best.pt,f984d0d67895fa78c397e20291adc98d02718776ad6d962874b3ea368446a5a8,24,FSC,13,108,0.76765132,0.27777778,0.23234868,0.40794058,0.45715684,0.26302194
new_labels,yolo26s,fold3,precision_fdr_best.pt,new_labels/yolo26s/fold3/weights/precision_fdr_best.pt,8de0bbe98df0239748f6795a7c999464b218a561678e0b309a6cb8b85775acf1,0,HM,2,2,0.82397984,0.50000000,0.17602016,0.62235075,0.53750000,0.53750000
new_labels,yolo26s,fold3,precision_fdr_best.pt,new_labels/yolo26s/fold3/weights/precision_fdr_best.pt,8de0bbe98df0239748f6795a7c999464b218a561678e0b309a6cb8b85775acf1,1,LQS,5,5,0.87882498,0.40000000,0.12117502,0.54977029,0.47125000,0.42412500
new_labels,yolo26s,fold3,precision_fdr_best.pt,new_labels/yolo26s/fold3/weights/precision_fdr_best.pt,8de0bbe98df0239748f6795a7c999464b218a561678e0b309a6cb8b85775acf1,2,QHS,41,163,0.81428194,0.68711656,0.18571806,0.74531393,0.76432324,0.52312583
new_labels,yolo26s,fold3,precision_fdr_best.pt,new_labels/yolo26s/fold3/weights/precision_fdr_best.pt,8de0bbe98df0239748f6795a7c999464b218a561678e0b309a6cb8b85775acf1,3,MS,237,345,0.85670581,0.77982429,0.14329419,0.81645917,0.86014351,0.61044891
new_labels,yolo26s,fold3,precision_fdr_best.pt,new_labels/yolo26s/fold3/weights/precision_fdr_best.pt,8de0bbe98df0239748f6795a7c999464b218a561678e0b309a6cb8b85775acf1,4,A1_SU-35,55,241,0.95536522,0.96265560,0.04463478,0.95899656,0.98479368,0.85816189
new_labels,yolo26s,fold3,precision_fdr_best.pt,new_labels/yolo26s/fold3/weights/precision_fdr_best.pt,8de0bbe98df0239748f6795a7c999464b218a561678e0b309a6cb8b85775acf1,5,A2_C-130,58,252,0.99158779,0.99603175,0.00841221,0.99380480,0.99412698,0.83408036
new_labels,yolo26s,fold3,precision_fdr_best.pt,new_labels/yolo26s/fold3/weights/precision_fdr_best.pt,8de0bbe98df0239748f6795a7c999464b218a561678e0b309a6cb8b85775acf1,6,A3_C-17,51,209,0.97534292,0.99521531,0.02465708,0.98517891,0.99019878,0.82434068
new_labels,yolo26s,fold3,precision_fdr_best.pt,new_labels/yolo26s/fold3/weights/precision_fdr_best.pt,8de0bbe98df0239748f6795a7c999464b218a561678e0b309a6cb8b85775acf1,7,A4_C-5,23,84,1.00000000,0.89600678,0.00000000,0.94515145,0.98360376,0.88159488
new_labels,yolo26s,fold3,precision_fdr_best.pt,new_labels/yolo26s/fold3/weights/precision_fdr_best.pt,8de0bbe98df0239748f6795a7c999464b218a561678e0b309a6cb8b85775acf1,8,A5_F-16,48,243,0.98600681,0.86992199,0.01399319,0.92433395,0.98710854,0.78416525
new_labels,yolo26s,fold3,precision_fdr_best.pt,new_labels/yolo26s/fold3/weights/precision_fdr_best.pt,8de0bbe98df0239748f6795a7c999464b218a561678e0b309a6cb8b85775acf1,9,A6_TU-160,17,73,1.00000000,0.95498422,0.00000000,0.97697384,0.98977818,0.83633771
new_labels,yolo26s,fold3,precision_fdr_best.pt,new_labels/yolo26s/fold3/weights/precision_fdr_best.pt,8de0bbe98df0239748f6795a7c999464b218a561678e0b309a6cb8b85775acf1,10,A7_E-3,32,137,1.00000000,0.95427208,0.00000000,0.97660105,0.99059503,0.86024422
new_labels,yolo26s,fold3,precision_fdr_best.pt,new_labels/yolo26s/fold3/weights/precision_fdr_best.pt,8de0bbe98df0239748f6795a7c999464b218a561678e0b309a6cb8b85775acf1,11,A8_B-52,33,170,0.99842822,0.99411765,0.00157178,0.99626827,0.99500000,0.86409883
new_labels,yolo26s,fold3,precision_fdr_best.pt,new_labels/yolo26s/fold3/weights/precision_fdr_best.pt,8de0bbe98df0239748f6795a7c999464b218a561678e0b309a6cb8b85775acf1,12,A9_P-3C,37,193,1.00000000,0.98869989,0.00000000,0.99431784,0.99469697,0.83158879
new_labels,yolo26s,fold3,precision_fdr_best.pt,new_labels/yolo26s/fold3/weights/precision_fdr_best.pt,8de0bbe98df0239748f6795a7c999464b218a561678e0b309a6cb8b85775acf1,13,A10_B-1B,32,155,0.99578040,0.98709677,0.00421960,0.99141957,0.99487261,0.82755618
new_labels,yolo26s,fold3,precision_fdr_best.pt,new_labels/yolo26s/fold3/weights/precision_fdr_best.pt,8de0bbe98df0239748f6795a7c999464b218a561678e0b309a6cb8b85775acf1,14,A11_E-8,31,95,1.00000000,0.86250127,0.00000000,0.92617523,0.95531691,0.82357201
new_labels,yolo26s,fold3,precision_fdr_best.pt,new_labels/yolo26s/fold3/weights/precision_fdr_best.pt,8de0bbe98df0239748f6795a7c999464b218a561678e0b309a6cb8b85775acf1,15,A12_TU-22,38,111,0.98052131,0.99099099,0.01947869,0.98572835,0.99473052,0.87278208
new_labels,yolo26s,fold3,precision_fdr_best.pt,new_labels/yolo26s/fold3/weights/precision_fdr_best.pt,8de0bbe98df0239748f6795a7c999464b218a561678e0b309a6cb8b85775acf1,16,A13_F-15,42,258,0.92868278,0.90697674,0.07131722,0.91770143,0.94084623,0.74026502
new_labels,yolo26s,fold3,precision_fdr_best.pt,new_labels/yolo26s/fold3/weights/precision_fdr_best.pt,8de0bbe98df0239748f6795a7c999464b218a561678e0b309a6cb8b85775acf1,17,A14_KC-135,72,263,0.95574113,0.98529468,0.04425887,0.97029292,0.98815671,0.83014941
new_labels,yolo26s,fold3,precision_fdr_best.pt,new_labels/yolo26s/fold3/weights/precision_fdr_best.pt,8de0bbe98df0239748f6795a7c999464b218a561678e0b309a6cb8b85775acf1,18,A15_F-22,23,115,0.99019726,0.87836920,0.00980274,0.93093695,0.97644117,0.77295248
new_labels,yolo26s,fold3,precision_fdr_best.pt,new_labels/yolo26s/fold3/weights/precision_fdr_best.pt,8de0bbe98df0239748f6795a7c999464b218a561678e0b309a6cb8b85775acf1,19,A16_FA-18,48,396,0.98748353,0.99614682,0.01251647,0.99179625,0.99334708,0.82000335
new_labels,yolo26s,fold3,precision_fdr_best.pt,new_labels/yolo26s/fold3/weights/precision_fdr_best.pt,8de0bbe98df0239748f6795a7c999464b218a561678e0b309a6cb8b85775acf1,20,A17_TU-95,60,233,0.99406661,1.00000000,0.00593339,0.99702448,0.99500000,0.90477574
new_labels,yolo26s,fold3,precision_fdr_best.pt,new_labels/yolo26s/fold3/weights/precision_fdr_best.pt,8de0bbe98df0239748f6795a7c999464b218a561678e0b309a6cb8b85775acf1,21,A18_KC-10,16,52,0.97545064,1.00000000,0.02454936,0.98757278,0.99292453,0.84287947
new_labels,yolo26s,fold3,precision_fdr_best.pt,new_labels/yolo26s/fold3/weights/precision_fdr_best.pt,8de0bbe98df0239748f6795a7c999464b218a561678e0b309a6cb8b85775acf1,22,A19_SU-34,56,145,0.95967465,0.89655172,0.04032535,0.92703991,0.97036722,0.83051006
new_labels,yolo26s,fold3,precision_fdr_best.pt,new_labels/yolo26s/fold3/weights/precision_fdr_best.pt,8de0bbe98df0239748f6795a7c999464b218a561678e0b309a6cb8b85775acf1,23,A20_SU-24,40,134,0.91881620,0.98507463,0.08118380,0.95079246,0.98382265,0.85242137
new_labels,yolo26s,fold3,precision_fdr_best.pt,new_labels/yolo26s/fold3/weights/precision_fdr_best.pt,8de0bbe98df0239748f6795a7c999464b218a561678e0b309a6cb8b85775acf1,24,FSC,13,108,0.89396654,0.23426183,0.10603346,0.37124086,0.44146251,0.24770348
new_labels,yolo26s,fold3,recall_best.pt,new_labels/yolo26s/fold3/weights/recall_best.pt,9e4922ad93bf154275d291d22bdc2d813ce2b976c7a1c9e55df436255555264c,0,HM,2,2,1.00000000,0.83365705,0.00000000,0.90928350,0.99500000,0.69650000
new_labels,yolo26s,fold3,recall_best.pt,new_labels/yolo26s/fold3/weights/recall_best.pt,9e4922ad93bf154275d291d22bdc2d813ce2b976c7a1c9e55df436255555264c,1,LQS,5,5,0.51609984,0.80000000,0.48390016,0.62742941,0.69500000,0.51265138
new_labels,yolo26s,fold3,recall_best.pt,new_labels/yolo26s/fold3/weights/recall_best.pt,9e4922ad93bf154275d291d22bdc2d813ce2b976c7a1c9e55df436255555264c,2,QHS,41,163,0.51982367,0.77706386,0.48017633,0.62293172,0.62643816,0.39483035
new_labels,yolo26s,fold3,recall_best.pt,new_labels/yolo26s/fold3/weights/recall_best.pt,9e4922ad93bf154275d291d22bdc2d813ce2b976c7a1c9e55df436255555264c,3,MS,237,345,0.79019597,0.72052187,0.20980403,0.75375224,0.82013476,0.53857454
new_labels,yolo26s,fold3,recall_best.pt,new_labels/yolo26s/fold3/weights/recall_best.pt,9e4922ad93bf154275d291d22bdc2d813ce2b976c7a1c9e55df436255555264c,4,A1_SU-35,55,241,0.89819449,0.95182512,0.10180551,0.92423245,0.98051899,0.81824107
new_labels,yolo26s,fold3,recall_best.pt,new_labels/yolo26s/fold3/weights/recall_best.pt,9e4922ad93bf154275d291d22bdc2d813ce2b976c7a1c9e55df436255555264c,5,A2_C-130,58,252,0.98415424,0.99206349,0.01584576,0.98809304,0.99220063,0.80766454
new_labels,yolo26s,fold3,recall_best.pt,new_labels/yolo26s/fold3/weights/recall_best.pt,9e4922ad93bf154275d291d22bdc2d813ce2b976c7a1c9e55df436255555264c,6,A3_C-17,51,209,0.94965797,0.99521531,0.05034203,0.97190307,0.99330330,0.77458431
new_labels,yolo26s,fold3,recall_best.pt,new_labels/yolo26s/fold3/weights/recall_best.pt,9e4922ad93bf154275d291d22bdc2d813ce2b976c7a1c9e55df436255555264c,7,A4_C-5,23,84,0.92770628,0.91660509,0.07229372,0.92212228,0.97387564,0.84124076
new_labels,yolo26s,fold3,recall_best.pt,new_labels/yolo26s/fold3/weights/recall_best.pt,9e4922ad93bf154275d291d22bdc2d813ce2b976c7a1c9e55df436255555264c,8,A5_F-16,48,243,0.96443050,0.83950617,0.03556950,0.89764277,0.95829682,0.75395763
new_labels,yolo26s,fold3,recall_best.pt,new_labels/yolo26s/fold3/weights/recall_best.pt,9e4922ad93bf154275d291d22bdc2d813ce2b976c7a1c9e55df436255555264c,9,A6_TU-160,17,73,0.93493092,0.98630137,0.06506908,0.95992937,0.98494438,0.81954487
new_labels,yolo26s,fold3,recall_best.pt,new_labels/yolo26s/fold3/weights/recall_best.pt,9e4922ad93bf154275d291d22bdc2d813ce2b976c7a1c9e55df436255555264c,10,A7_E-3,32,137,0.92833989,0.94890511,0.07166011,0.93850986,0.97424734,0.84693664
new_labels,yolo26s,fold3,recall_best.pt,new_labels/yolo26s/fold3/weights/recall_best.pt,9e4922ad93bf154275d291d22bdc2d813ce2b976c7a1c9e55df436255555264c,11,A8_B-52,33,170,0.94238592,0.98823529,0.05761408,0.96476618,0.99423913,0.84308708
new_labels,yolo26s,fold3,recall_best.pt,new_labels/yolo26s/fold3/weights/recall_best.pt,9e4922ad93bf154275d291d22bdc2d813ce2b976c7a1c9e55df436255555264c,12,A9_P-3C,37,193,0.96991311,0.97409326,0.03008689,0.97199869,0.99312211,0.80956563
new_labels,yolo26s,fold3,recall_best.pt,new_labels/yolo26s/fold3/weights/recall_best.pt,9e4922ad93bf154275d291d22bdc2d813ce2b976c7a1c9e55df436255555264c,13,A10_B-1B,32,155,0.97672862,1.00000000,0.02327138,0.98822733,0.99409677,0.81945830
new_labels,yolo26s,fold3,recall_best.pt,new_labels/yolo26s/fold3/weights/recall_best.pt,9e4922ad93bf154275d291d22bdc2d813ce2b976c7a1c9e55df436255555264c,14,A11_E-8,31,95,0.92874598,0.76842105,0.07125402,0.84101087,0.92894652,0.74414573
new_labels,yolo26s,fold3,recall_best.pt,new_labels/yolo26s/fold3/weights/recall_best.pt,9e4922ad93bf154275d291d22bdc2d813ce2b976c7a1c9e55df436255555264c,15,A12_TU-22,38,111,0.90720752,0.99099099,0.09279248,0.94725022,0.98763608,0.83080105
new_labels,yolo26s,fold3,recall_best.pt,new_labels/yolo26s/fold3/weights/recall_best.pt,9e4922ad93bf154275d291d22bdc2d813ce2b976c7a1c9e55df436255555264c,16,A13_F-15,42,258,0.92681869,0.89534884,0.07318131,0.91081201,0.94952443,0.72315759
new_labels,yolo26s,fold3,recall_best.pt,new_labels/yolo26s/fold3/weights/recall_best.pt,9e4922ad93bf154275d291d22bdc2d813ce2b976c7a1c9e55df436255555264c,17,A14_KC-135,72,263,0.89530959,0.97551356,0.10469041,0.93369237,0.96841504,0.79325306
new_labels,yolo26s,fold3,recall_best.pt,new_labels/yolo26s/fold3/weights/recall_best.pt,9e4922ad93bf154275d291d22bdc2d813ce2b976c7a1c9e55df436255555264c,18,A15_F-22,23,115,0.81589762,0.88635657,0.18410238,0.84966889,0.89630306,0.66899950
new_labels,yolo26s,fold3,recall_best.pt,new_labels/yolo26s/fold3/weights/recall_best.pt,9e4922ad93bf154275d291d22bdc2d813ce2b976c7a1c9e55df436255555264c,19,A16_FA-18,48,396,0.95350144,0.98387726,0.04649856,0.96845122,0.98680003,0.79740108
new_labels,yolo26s,fold3,recall_best.pt,new_labels/yolo26s/fold3/weights/recall_best.pt,9e4922ad93bf154275d291d22bdc2d813ce2b976c7a1c9e55df436255555264c,20,A17_TU-95,60,233,0.97974028,0.99141631,0.02025972,0.98554372,0.99155370,0.85988216
new_labels,yolo26s,fold3,recall_best.pt,new_labels/yolo26s/fold3/weights/recall_best.pt,9e4922ad93bf154275d291d22bdc2d813ce2b976c7a1c9e55df436255555264c,21,A18_KC-10,16,52,0.87593019,0.96153846,0.12406981,0.91674007,0.96848333,0.79563516
new_labels,yolo26s,fold3,recall_best.pt,new_labels/yolo26s/fold3/weights/recall_best.pt,9e4922ad93bf154275d291d22bdc2d813ce2b976c7a1c9e55df436255555264c,22,A19_SU-34,56,145,0.90022446,0.93337198,0.09977554,0.91649860,0.96724562,0.77124587
new_labels,yolo26s,fold3,recall_best.pt,new_labels/yolo26s/fold3/weights/recall_best.pt,9e4922ad93bf154275d291d22bdc2d813ce2b976c7a1c9e55df436255555264c,23,A20_SU-24,40,134,0.90340784,0.92537313,0.09659216,0.91425857,0.97084530,0.80270670
new_labels,yolo26s,fold3,recall_best.pt,new_labels/yolo26s/fold3/weights/recall_best.pt,9e4922ad93bf154275d291d22bdc2d813ce2b976c7a1c9e55df436255555264c,24,FSC,13,108,0.56363405,0.27777778,0.43636595,0.37214835,0.41352700,0.24792509
new_labels,yolo26n,fold4,map_best.pt,new_labels/yolo26n/fold4/weights/map_best.pt,33fc0c13aa3de2c08af7c185d236fd56e0b7495c9c08d403a46398a3ee96546e,0,HM,2,2,0.55086465,1.00000000,0.44913535,0.71039681,0.99500000,0.89550000
new_labels,yolo26n,fold4,map_best.pt,new_labels/yolo26n/fold4/weights/map_best.pt,33fc0c13aa3de2c08af7c185d236fd56e0b7495c9c08d403a46398a3ee96546e,1,LQS,5,5,1.00000000,0.50912428,0.00000000,0.67472810,0.99500000,0.81676563
new_labels,yolo26n,fold4,map_best.pt,new_labels/yolo26n/fold4/weights/map_best.pt,33fc0c13aa3de2c08af7c185d236fd56e0b7495c9c08d403a46398a3ee96546e,2,QHS,38,104,0.64768131,0.83653846,0.35231869,0.73009447,0.79971690,0.56276958
new_labels,yolo26n,fold4,map_best.pt,new_labels/yolo26n/fold4/weights/map_best.pt,33fc0c13aa3de2c08af7c185d236fd56e0b7495c9c08d403a46398a3ee96546e,3,MS,237,359,0.78664906,0.82451253,0.21335094,0.80513589,0.85337284,0.57805398
new_labels,yolo26n,fold4,map_best.pt,new_labels/yolo26n/fold4/weights/map_best.pt,33fc0c13aa3de2c08af7c185d236fd56e0b7495c9c08d403a46398a3ee96546e,4,A1_SU-35,56,260,0.90226051,0.98461538,0.09773949,0.94164071,0.97973047,0.84509357
new_labels,yolo26n,fold4,map_best.pt,new_labels/yolo26n/fold4/weights/map_best.pt,33fc0c13aa3de2c08af7c185d236fd56e0b7495c9c08d403a46398a3ee96546e,5,A2_C-130,57,195,0.99489604,0.99962376,0.00510396,0.99725430,0.99494898,0.79073975
new_labels,yolo26n,fold4,map_best.pt,new_labels/yolo26n/fold4/weights/map_best.pt,33fc0c13aa3de2c08af7c185d236fd56e0b7495c9c08d403a46398a3ee96546e,6,A3_C-17,52,133,0.98745286,0.98496241,0.01254714,0.98620606,0.99432709,0.83477469
new_labels,yolo26n,fold4,map_best.pt,new_labels/yolo26n/fold4/weights/map_best.pt,33fc0c13aa3de2c08af7c185d236fd56e0b7495c9c08d403a46398a3ee96546e,7,A4_C-5,23,88,0.94338597,0.94681563,0.05661403,0.94509769,0.98523044,0.87565209
new_labels,yolo26n,fold4,map_best.pt,new_labels/yolo26n/fold4/weights/map_best.pt,33fc0c13aa3de2c08af7c185d236fd56e0b7495c9c08d403a46398a3ee96546e,8,A5_F-16,48,208,0.97089202,1.00000000,0.02910798,0.98523106,0.99012930,0.76000501
new_labels,yolo26n,fold4,map_best.pt,new_labels/yolo26n/fold4/weights/map_best.pt,33fc0c13aa3de2c08af7c185d236fd56e0b7495c9c08d403a46398a3ee96546e,9,A6_TU-160,17,61,0.95894714,1.00000000,0.04105286,0.97904341,0.99500000,0.84912727
new_labels,yolo26n,fold4,map_best.pt,new_labels/yolo26n/fold4/weights/map_best.pt,33fc0c13aa3de2c08af7c185d236fd56e0b7495c9c08d403a46398a3ee96546e,10,A7_E-3,32,119,0.97566226,0.94957983,0.02433774,0.96244437,0.98479797,0.83518001
new_labels,yolo26n,fold4,map_best.pt,new_labels/yolo26n/fold4/weights/map_best.pt,33fc0c13aa3de2c08af7c185d236fd56e0b7495c9c08d403a46398a3ee96546e,11,A8_B-52,33,177,1.00000000,0.98864780,0.00000000,0.99429150,0.99477778,0.85298007
new_labels,yolo26n,fold4,map_best.pt,new_labels/yolo26n/fold4/weights/map_best.pt,33fc0c13aa3de2c08af7c185d236fd56e0b7495c9c08d403a46398a3ee96546e,12,A9_P-3C,38,198,0.98029412,0.98989899,0.01970588,0.98507314,0.99447115,0.80686786
new_labels,yolo26n,fold4,map_best.pt,new_labels/yolo26n/fold4/weights/map_best.pt,33fc0c13aa3de2c08af7c185d236fd56e0b7495c9c08d403a46398a3ee96546e,13,A10_B-1B,32,163,0.98951599,1.00000000,0.01048401,0.99473037,0.99500000,0.81881621
new_labels,yolo26n,fold4,map_best.pt,new_labels/yolo26n/fold4/weights/map_best.pt,33fc0c13aa3de2c08af7c185d236fd56e0b7495c9c08d403a46398a3ee96546e,14,A11_E-8,31,46,0.83719684,0.84782609,0.16280316,0.84247794,0.91600242,0.76862809
new_labels,yolo26n,fold4,map_best.pt,new_labels/yolo26n/fold4/weights/map_best.pt,33fc0c13aa3de2c08af7c185d236fd56e0b7495c9c08d403a46398a3ee96546e,15,A12_TU-22,37,106,0.98322348,0.99056604,0.01677652,0.98688110,0.99500000,0.83975270
new_labels,yolo26n,fold4,map_best.pt,new_labels/yolo26n/fold4/weights/map_best.pt,33fc0c13aa3de2c08af7c185d236fd56e0b7495c9c08d403a46398a3ee96546e,16,A13_F-15,42,258,0.93109118,1.00000000,0.06890882,0.96431613,0.95865317,0.74881087
new_labels,yolo26n,fold4,map_best.pt,new_labels/yolo26n/fold4/weights/map_best.pt,33fc0c13aa3de2c08af7c185d236fd56e0b7495c9c08d403a46398a3ee96546e,17,A14_KC-135,71,255,0.92865239,1.00000000,0.07134761,0.96300649,0.98813090,0.82959430
new_labels,yolo26n,fold4,map_best.pt,new_labels/yolo26n/fold4/weights/map_best.pt,33fc0c13aa3de2c08af7c185d236fd56e0b7495c9c08d403a46398a3ee96546e,18,A15_F-22,23,104,0.86566164,0.86746232,0.13433836,0.86656104,0.90265012,0.70533616
new_labels,yolo26n,fold4,map_best.pt,new_labels/yolo26n/fold4/weights/map_best.pt,33fc0c13aa3de2c08af7c185d236fd56e0b7495c9c08d403a46398a3ee96546e,19,A16_FA-18,48,440,0.97540730,0.99156288,0.02459270,0.98341875,0.99431404,0.84043937
new_labels,yolo26n,fold4,map_best.pt,new_labels/yolo26n/fold4/weights/map_best.pt,33fc0c13aa3de2c08af7c185d236fd56e0b7495c9c08d403a46398a3ee96546e,20,A17_TU-95,60,234,0.99572425,0.99520371,0.00427575,0.99546392,0.99500000,0.88693450
new_labels,yolo26n,fold4,map_best.pt,new_labels/yolo26n/fold4/weights/map_best.pt,33fc0c13aa3de2c08af7c185d236fd56e0b7495c9c08d403a46398a3ee96546e,21,A18_KC-10,16,57,1.00000000,0.95778356,0.00000000,0.97843661,0.99404762,0.85089353
new_labels,yolo26n,fold4,map_best.pt,new_labels/yolo26n/fold4/weights/map_best.pt,33fc0c13aa3de2c08af7c185d236fd56e0b7495c9c08d403a46398a3ee96546e,22,A19_SU-34,56,205,0.94555692,0.93193216,0.05444308,0.93869510,0.96489483,0.76787462
new_labels,yolo26n,fold4,map_best.pt,new_labels/yolo26n/fold4/weights/map_best.pt,33fc0c13aa3de2c08af7c185d236fd56e0b7495c9c08d403a46398a3ee96546e,23,A20_SU-24,40,162,0.95493114,0.96913580,0.04506886,0.96198104,0.98763389,0.79572587
new_labels,yolo26n,fold4,map_best.pt,new_labels/yolo26n/fold4/weights/map_best.pt,33fc0c13aa3de2c08af7c185d236fd56e0b7495c9c08d403a46398a3ee96546e,24,FSC,13,88,0.77336732,0.42661151,0.22663268,0.54988870,0.53628348,0.21758707
new_labels,yolo26n,fold4,precision_fdr_best.pt,new_labels/yolo26n/fold4/weights/precision_fdr_best.pt,16799f1e177000f38b2c8678a52209280637fb9b302d7413e5b350ed3876f10c,0,HM,2,2,0.68673897,1.00000000,0.31326103,0.81428008,0.99500000,0.89550000
new_labels,yolo26n,fold4,precision_fdr_best.pt,new_labels/yolo26n/fold4/weights/precision_fdr_best.pt,16799f1e177000f38b2c8678a52209280637fb9b302d7413e5b350ed3876f10c,1,LQS,5,5,0.80962830,0.85776978,0.19037170,0.83300406,0.92833333,0.77867949
new_labels,yolo26n,fold4,precision_fdr_best.pt,new_labels/yolo26n/fold4/weights/precision_fdr_best.pt,16799f1e177000f38b2c8678a52209280637fb9b302d7413e5b350ed3876f10c,2,QHS,38,104,0.73478414,0.74038462,0.26521586,0.73757375,0.77139075,0.51721283
new_labels,yolo26n,fold4,precision_fdr_best.pt,new_labels/yolo26n/fold4/weights/precision_fdr_best.pt,16799f1e177000f38b2c8678a52209280637fb9b302d7413e5b350ed3876f10c,3,MS,237,359,0.81461856,0.80786284,0.18538144,0.81122663,0.85358167,0.58030053
new_labels,yolo26n,fold4,precision_fdr_best.pt,new_labels/yolo26n/fold4/weights/precision_fdr_best.pt,16799f1e177000f38b2c8678a52209280637fb9b302d7413e5b350ed3876f10c,4,A1_SU-35,56,260,0.93197448,0.94849038,0.06802552,0.94015990,0.97322931,0.83974902
new_labels,yolo26n,fold4,precision_fdr_best.pt,new_labels/yolo26n/fold4/weights/precision_fdr_best.pt,16799f1e177000f38b2c8678a52209280637fb9b302d7413e5b350ed3876f10c,5,A2_C-130,57,195,0.96996769,0.99377272,0.03003231,0.98172592,0.99470000,0.77089797
new_labels,yolo26n,fold4,precision_fdr_best.pt,new_labels/yolo26n/fold4/weights/precision_fdr_best.pt,16799f1e177000f38b2c8678a52209280637fb9b302d7413e5b350ed3876f10c,6,A3_C-17,52,133,0.97738386,0.99248120,0.02261614,0.98487468,0.99455107,0.84086920
new_labels,yolo26n,fold4,precision_fdr_best.pt,new_labels/yolo26n/fold4/weights/precision_fdr_best.pt,16799f1e177000f38b2c8678a52209280637fb9b302d7413e5b350ed3876f10c,7,A4_C-5,23,88,0.95835397,0.95454545,0.04164603,0.95644592,0.98819620,0.88351341
new_labels,yolo26n,fold4,precision_fdr_best.pt,new_labels/yolo26n/fold4/weights/precision_fdr_best.pt,16799f1e177000f38b2c8678a52209280637fb9b302d7413e5b350ed3876f10c,8,A5_F-16,48,208,0.98334678,0.99519231,0.01665322,0.98923409,0.99113214,0.76923407
new_labels,yolo26n,fold4,precision_fdr_best.pt,new_labels/yolo26n/fold4/weights/precision_fdr_best.pt,16799f1e177000f38b2c8678a52209280637fb9b302d7413e5b350ed3876f10c,9,A6_TU-160,17,61,0.97771649,1.00000000,0.02228351,0.98873271,0.99483871,0.84771818
new_labels,yolo26n,fold4,precision_fdr_best.pt,new_labels/yolo26n/fold4/weights/precision_fdr_best.pt,16799f1e177000f38b2c8678a52209280637fb9b302d7413e5b350ed3876f10c,10,A7_E-3,32,119,0.96024169,0.96638655,0.03975831,0.96330432,0.99022682,0.83311551
new_labels,yolo26n,fold4,precision_fdr_best.pt,new_labels/yolo26n/fold4/weights/precision_fdr_best.pt,16799f1e177000f38b2c8678a52209280637fb9b302d7413e5b350ed3876f10c,11,A8_B-52,33,177,0.99379881,1.00000000,0.00620119,0.99688976,0.99500000,0.86299652
new_labels,yolo26n,fold4,precision_fdr_best.pt,new_labels/yolo26n/fold4/weights/precision_fdr_best.pt,16799f1e177000f38b2c8678a52209280637fb9b302d7413e5b350ed3876f10c,12,A9_P-3C,38,198,0.96930969,0.96464646,0.03069031,0.96697245,0.99132873,0.80367213
new_labels,yolo26n,fold4,precision_fdr_best.pt,new_labels/yolo26n/fold4/weights/precision_fdr_best.pt,16799f1e177000f38b2c8678a52209280637fb9b302d7413e5b350ed3876f10c,13,A10_B-1B,32,163,0.98109070,1.00000000,0.01890930,0.99045511,0.99500000,0.82319610
new_labels,yolo26n,fold4,precision_fdr_best.pt,new_labels/yolo26n/fold4/weights/precision_fdr_best.pt,16799f1e177000f38b2c8678a52209280637fb9b302d7413e5b350ed3876f10c,14,A11_E-8,31,46,0.84551949,0.82608696,0.15448051,0.83569027,0.88896200,0.76077535
new_labels,yolo26n,fold4,precision_fdr_best.pt,new_labels/yolo26n/fold4/weights/precision_fdr_best.pt,16799f1e177000f38b2c8678a52209280637fb9b302d7413e5b350ed3876f10c,15,A12_TU-22,37,106,0.97805097,0.99056604,0.02194903,0.98426872,0.99490566,0.83494146
new_labels,yolo26n,fold4,precision_fdr_best.pt,new_labels/yolo26n/fold4/weights/precision_fdr_best.pt,16799f1e177000f38b2c8678a52209280637fb9b302d7413e5b350ed3876f10c,16,A13_F-15,42,258,0.91716539,0.99224806,0.08283461,0.95323051,0.95131086,0.74121361
new_labels,yolo26n,fold4,precision_fdr_best.pt,new_labels/yolo26n/fold4/weights/precision_fdr_best.pt,16799f1e177000f38b2c8678a52209280637fb9b302d7413e5b350ed3876f10c,17,A14_KC-135,71,255,0.93595927,0.97434115,0.06404073,0.95476463,0.97401251,0.82226464
new_labels,yolo26n,fold4,precision_fdr_best.pt,new_labels/yolo26n/fold4/weights/precision_fdr_best.pt,16799f1e177000f38b2c8678a52209280637fb9b302d7413e5b350ed3876f10c,18,A15_F-22,23,104,0.90937652,0.76923077,0.09062348,0.83345331,0.87540520,0.68947789
new_labels,yolo26n,fold4,precision_fdr_best.pt,new_labels/yolo26n/fold4/weights/precision_fdr_best.pt,16799f1e177000f38b2c8678a52209280637fb9b302d7413e5b350ed3876f10c,19,A16_FA-18,48,440,0.97577717,0.99318182,0.02422283,0.98440257,0.99439947,0.84317424
new_labels,yolo26n,fold4,precision_fdr_best.pt,new_labels/yolo26n/fold4/weights/precision_fdr_best.pt,16799f1e177000f38b2c8678a52209280637fb9b302d7413e5b350ed3876f10c,20,A17_TU-95,60,234,0.98889456,1.00000000,0.01110544,0.99441628,0.99500000,0.88744178
new_labels,yolo26n,fold4,precision_fdr_best.pt,new_labels/yolo26n/fold4/weights/precision_fdr_best.pt,16799f1e177000f38b2c8678a52209280637fb9b302d7413e5b350ed3876f10c,21,A18_KC-10,16,57,1.00000000,0.93400228,0.00000000,0.96587505,0.97675625,0.84009375
new_labels,yolo26n,fold4,precision_fdr_best.pt,new_labels/yolo26n/fold4/weights/precision_fdr_best.pt,16799f1e177000f38b2c8678a52209280637fb9b302d7413e5b350ed3876f10c,22,A19_SU-34,56,205,0.95786694,0.92682927,0.04213306,0.94209253,0.96441750,0.76790313
new_labels,yolo26n,fold4,precision_fdr_best.pt,new_labels/yolo26n/fold4/weights/precision_fdr_best.pt,16799f1e177000f38b2c8678a52209280637fb9b302d7413e5b350ed3876f10c,23,A20_SU-24,40,162,0.98143394,0.96913580,0.01856606,0.97524610,0.99276415,0.80186385
new_labels,yolo26n,fold4,precision_fdr_best.pt,new_labels/yolo26n/fold4/weights/precision_fdr_best.pt,16799f1e177000f38b2c8678a52209280637fb9b302d7413e5b350ed3876f10c,24,FSC,13,88,0.75471548,0.43181818,0.24528452,0.54933101,0.52973439,0.17237318
new_labels,yolo26n,fold4,recall_best.pt,new_labels/yolo26n/fold4/weights/recall_best.pt,8987c928535d5a320ad4617ae95799fcff5786e5723119352364339973c6c94d,0,HM,2,2,0.53344760,1.00000000,0.46655240,0.69574937,0.99500000,0.89550000
new_labels,yolo26n,fold4,recall_best.pt,new_labels/yolo26n/fold4/weights/recall_best.pt,8987c928535d5a320ad4617ae95799fcff5786e5723119352364339973c6c94d,1,LQS,5,5,0.95165634,1.00000000,0.04834366,0.97522942,0.99500000,0.77580357
new_labels,yolo26n,fold4,recall_best.pt,new_labels/yolo26n/fold4/weights/recall_best.pt,8987c928535d5a320ad4617ae95799fcff5786e5723119352364339973c6c94d,2,QHS,38,104,0.66254457,0.79291228,0.33745543,0.72188980,0.76269503,0.51322833
new_labels,yolo26n,fold4,recall_best.pt,new_labels/yolo26n/fold4/weights/recall_best.pt,8987c928535d5a320ad4617ae95799fcff5786e5723119352364339973c6c94d,3,MS,237,359,0.76061183,0.84122563,0.23938817,0.79889025,0.85014172,0.57764361
new_labels,yolo26n,fold4,recall_best.pt,new_labels/yolo26n/fold4/weights/recall_best.pt,8987c928535d5a320ad4617ae95799fcff5786e5723119352364339973c6c94d,4,A1_SU-35,56,260,0.92980263,0.96794700,0.07019737,0.94849146,0.96645333,0.83166740
new_labels,yolo26n,fold4,recall_best.pt,new_labels/yolo26n/fold4/weights/recall_best.pt,8987c928535d5a320ad4617ae95799fcff5786e5723119352364339973c6c94d,5,A2_C-130,57,195,0.97522911,0.99487179,0.02477089,0.98495253,0.99479798,0.77739735
new_labels,yolo26n,fold4,recall_best.pt,new_labels/yolo26n/fold4/weights/recall_best.pt,8987c928535d5a320ad4617ae95799fcff5786e5723119352364339973c6c94d,6,A3_C-17,52,133,0.98105094,0.98496241,0.01894906,0.98300278,0.99455437,0.83616926
new_labels,yolo26n,fold4,recall_best.pt,new_labels/yolo26n/fold4/weights/recall_best.pt,8987c928535d5a320ad4617ae95799fcff5786e5723119352364339973c6c94d,7,A4_C-5,23,88,0.93666326,0.97727273,0.06333674,0.95653717,0.98317936,0.88139398
new_labels,yolo26n,fold4,recall_best.pt,new_labels/yolo26n/fold4/weights/recall_best.pt,8987c928535d5a320ad4617ae95799fcff5786e5723119352364339973c6c94d,8,A5_F-16,48,208,0.93967537,1.00000000,0.06032463,0.96889963,0.99201623,0.76928647
new_labels,yolo26n,fold4,recall_best.pt,new_labels/yolo26n/fold4/weights/recall_best.pt,8987c928535d5a320ad4617ae95799fcff5786e5723119352364339973c6c94d,9,A6_TU-160,17,61,0.95913009,1.00000000,0.04086991,0.97913875,0.99500000,0.85570626
new_labels,yolo26n,fold4,recall_best.pt,new_labels/yolo26n/fold4/weights/recall_best.pt,8987c928535d5a320ad4617ae95799fcff5786e5723119352364339973c6c94d,10,A7_E-3,32,119,0.94056277,0.96638655,0.05943723,0.95329981,0.98716352,0.82651694
new_labels,yolo26n,fold4,recall_best.pt,new_labels/yolo26n/fold4/weights/recall_best.pt,8987c928535d5a320ad4617ae95799fcff5786e5723119352364339973c6c94d,11,A8_B-52,33,177,0.98363419,1.00000000,0.01636581,0.99174958,0.99500000,0.85456531
new_labels,yolo26n,fold4,recall_best.pt,new_labels/yolo26n/fold4/weights/recall_best.pt,8987c928535d5a320ad4617ae95799fcff5786e5723119352364339973c6c94d,12,A9_P-3C,38,198,0.94970074,0.99494949,0.05029926,0.97179868,0.99424280,0.79915259
new_labels,yolo26n,fold4,recall_best.pt,new_labels/yolo26n/fold4/weights/recall_best.pt,8987c928535d5a320ad4617ae95799fcff5786e5723119352364339973c6c94d,13,A10_B-1B,32,163,0.99389434,0.99867161,0.00610566,0.99627725,0.99493902,0.82616756
new_labels,yolo26n,fold4,recall_best.pt,new_labels/yolo26n/fold4/weights/recall_best.pt,8987c928535d5a320ad4617ae95799fcff5786e5723119352364339973c6c94d,14,A11_E-8,31,46,0.82336085,0.91304348,0.17663915,0.86588618,0.91914295,0.78630990
new_labels,yolo26n,fold4,recall_best.pt,new_labels/yolo26n/fold4/weights/recall_best.pt,8987c928535d5a320ad4617ae95799fcff5786e5723119352364339973c6c94d,15,A12_TU-22,37,106,0.98136931,0.99388576,0.01863069,0.98758788,0.99490566,0.83874896
new_labels,yolo26n,fold4,recall_best.pt,new_labels/yolo26n/fold4/weights/recall_best.pt,8987c928535d5a320ad4617ae95799fcff5786e5723119352364339973c6c94d,16,A13_F-15,42,258,0.93408310,0.98449612,0.06591690,0.95862728,0.95232792,0.74942191
new_labels,yolo26n,fold4,recall_best.pt,new_labels/yolo26n/fold4/weights/recall_best.pt,8987c928535d5a320ad4617ae95799fcff5786e5723119352364339973c6c94d,17,A14_KC-135,71,255,0.92914620,0.99607843,0.07085380,0.96144884,0.98841674,0.83189382
new_labels,yolo26n,fold4,recall_best.pt,new_labels/yolo26n/fold4/weights/recall_best.pt,8987c928535d5a320ad4617ae95799fcff5786e5723119352364339973c6c94d,18,A15_F-22,23,104,0.81350885,0.84615385,0.18649115,0.82951029,0.87622106,0.69349521
new_labels,yolo26n,fold4,recall_best.pt,new_labels/yolo26n/fold4/weights/recall_best.pt,8987c928535d5a320ad4617ae95799fcff5786e5723119352364339973c6c94d,19,A16_FA-18,48,440,0.96898362,0.99403381,0.03101638,0.98134888,0.99447414,0.84179442
new_labels,yolo26n,fold4,recall_best.pt,new_labels/yolo26n/fold4/weights/recall_best.pt,8987c928535d5a320ad4617ae95799fcff5786e5723119352364339973c6c94d,20,A17_TU-95,60,234,0.98842115,1.00000000,0.01157885,0.99417686,0.99500000,0.88678280
new_labels,yolo26n,fold4,recall_best.pt,new_labels/yolo26n/fold4/weights/recall_best.pt,8987c928535d5a320ad4617ae95799fcff5786e5723119352364339973c6c94d,21,A18_KC-10,16,57,0.97673526,0.98245614,0.02326474,0.97958735,0.98833875,0.85887155
new_labels,yolo26n,fold4,recall_best.pt,new_labels/yolo26n/fold4/weights/recall_best.pt,8987c928535d5a320ad4617ae95799fcff5786e5723119352364339973c6c94d,22,A19_SU-34,56,205,0.91931701,0.93170732,0.08068299,0.92547070,0.96889775,0.77007642
new_labels,yolo26n,fold4,recall_best.pt,new_labels/yolo26n/fold4/weights/recall_best.pt,8987c928535d5a320ad4617ae95799fcff5786e5723119352364339973c6c94d,23,A20_SU-24,40,162,0.95185446,0.97631887,0.04814554,0.96393146,0.99280592,0.81030510
new_labels,yolo26n,fold4,recall_best.pt,new_labels/yolo26n/fold4/weights/recall_best.pt,8987c928535d5a320ad4617ae95799fcff5786e5723119352364339973c6c94d,24,FSC,13,88,0.59942805,0.48863636,0.40057195,0.53839155,0.51944503,0.17504313
new_labels,yolo26s,fold4,map_best.pt,new_labels/yolo26s/fold4/weights/map_best.pt,0488cee3e88c891a5091b90ef75eece10dca6859b19b84cfde54352fbe8c0934,0,HM,2,2,0.64069461,1.00000000,0.35930539,0.78100410,0.99500000,0.94731818
new_labels,yolo26s,fold4,map_best.pt,new_labels/yolo26s/fold4/weights/map_best.pt,0488cee3e88c891a5091b90ef75eece10dca6859b19b84cfde54352fbe8c0934,1,LQS,5,5,0.93977971,1.00000000,0.06022029,0.96895509,0.99500000,0.81097333
new_labels,yolo26s,fold4,map_best.pt,new_labels/yolo26s/fold4/weights/map_best.pt,0488cee3e88c891a5091b90ef75eece10dca6859b19b84cfde54352fbe8c0934,2,QHS,38,104,0.83619009,0.68719061,0.16380991,0.75440365,0.80608516,0.55141978
new_labels,yolo26s,fold4,map_best.pt,new_labels/yolo26s/fold4/weights/map_best.pt,0488cee3e88c891a5091b90ef75eece10dca6859b19b84cfde54352fbe8c0934,3,MS,237,359,0.82241664,0.78691193,0.17758336,0.80427264,0.83628759,0.55629394
new_labels,yolo26s,fold4,map_best.pt,new_labels/yolo26s/fold4/weights/map_best.pt,0488cee3e88c891a5091b90ef75eece10dca6859b19b84cfde54352fbe8c0934,4,A1_SU-35,56,260,0.93256444,0.95769231,0.06743556,0.94496136,0.97374995,0.85159434
new_labels,yolo26s,fold4,map_best.pt,new_labels/yolo26s/fold4/weights/map_best.pt,0488cee3e88c891a5091b90ef75eece10dca6859b19b84cfde54352fbe8c0934,5,A2_C-130,57,195,1.00000000,0.97668558,0.00000000,0.98820529,0.99500000,0.79009154
new_labels,yolo26s,fold4,map_best.pt,new_labels/yolo26s/fold4/weights/map_best.pt,0488cee3e88c891a5091b90ef75eece10dca6859b19b84cfde54352fbe8c0934,6,A3_C-17,52,133,0.95908131,0.96240602,0.04091869,0.96074079,0.99334615,0.84325528
new_labels,yolo26s,fold4,map_best.pt,new_labels/yolo26s/fold4/weights/map_best.pt,0488cee3e88c891a5091b90ef75eece10dca6859b19b84cfde54352fbe8c0934,7,A4_C-5,23,88,1.00000000,0.97204177,0.00000000,0.98582270,0.99477528,0.87355894
new_labels,yolo26s,fold4,map_best.pt,new_labels/yolo26s/fold4/weights/map_best.pt,0488cee3e88c891a5091b90ef75eece10dca6859b19b84cfde54352fbe8c0934,8,A5_F-16,48,208,0.99518921,0.99455146,0.00481079,0.99487023,0.99423077,0.76715737
new_labels,yolo26s,fold4,map_best.pt,new_labels/yolo26s/fold4/weights/map_best.pt,0488cee3e88c891a5091b90ef75eece10dca6859b19b84cfde54352fbe8c0934,9,A6_TU-160,17,61,0.97986340,1.00000000,0.02013660,0.98982930,0.99483871,0.84677929
new_labels,yolo26s,fold4,map_best.pt,new_labels/yolo26s/fold4/weights/map_best.pt,0488cee3e88c891a5091b90ef75eece10dca6859b19b84cfde54352fbe8c0934,10,A7_E-3,32,119,0.98705098,0.94117647,0.01294902,0.96356803,0.98710138,0.85566375
new_labels,yolo26s,fold4,map_best.pt,new_labels/yolo26s/fold4/weights/map_best.pt,0488cee3e88c891a5091b90ef75eece10dca6859b19b84cfde54352fbe8c0934,11,A8_B-52,33,177,1.00000000,0.98703246,0.00000000,0.99347392,0.99494350,0.86676256
new_labels,yolo26s,fold4,map_best.pt,new_labels/yolo26s/fold4/weights/map_best.pt,0488cee3e88c891a5091b90ef75eece10dca6859b19b84cfde54352fbe8c0934,12,A9_P-3C,38,198,0.99995603,0.98989899,0.00004397,0.99490209,0.99465686,0.81408154
new_labels,yolo26s,fold4,map_best.pt,new_labels/yolo26s/fold4/weights/map_best.pt,0488cee3e88c891a5091b90ef75eece10dca6859b19b84cfde54352fbe8c0934,13,A10_B-1B,32,163,0.99693973,0.99386503,0.00306027,0.99540000,0.99500000,0.83590184
new_labels,yolo26s,fold4,map_best.pt,new_labels/yolo26s/fold4/weights/map_best.pt,0488cee3e88c891a5091b90ef75eece10dca6859b19b84cfde54352fbe8c0934,14,A11_E-8,31,46,0.86481784,0.83456273,0.13518216,0.84942096,0.89235537,0.75719621
new_labels,yolo26s,fold4,map_best.pt,new_labels/yolo26s/fold4/weights/map_best.pt,0488cee3e88c891a5091b90ef75eece10dca6859b19b84cfde54352fbe8c0934,15,A12_TU-22,37,106,0.94718313,0.99056604,0.05281687,0.96838895,0.99039866,0.84806923
new_labels,yolo26s,fold4,map_best.pt,new_labels/yolo26s/fold4/weights/map_best.pt,0488cee3e88c891a5091b90ef75eece10dca6859b19b84cfde54352fbe8c0934,16,A13_F-15,42,258,0.92693028,0.98337963,0.07306972,0.95432092,0.95843391,0.75343216
new_labels,yolo26s,fold4,map_best.pt,new_labels/yolo26s/fold4/weights/map_best.pt,0488cee3e88c891a5091b90ef75eece10dca6859b19b84cfde54352fbe8c0934,17,A14_KC-135,71,255,0.97218911,0.97254902,0.02781089,0.97236903,0.98879181,0.83082851
new_labels,yolo26s,fold4,map_best.pt,new_labels/yolo26s/fold4/weights/map_best.pt,0488cee3e88c891a5091b90ef75eece10dca6859b19b84cfde54352fbe8c0934,18,A15_F-22,23,104,0.96484590,0.79174208,0.03515410,0.86976469,0.91059326,0.70202547
new_labels,yolo26s,fold4,map_best.pt,new_labels/yolo26s/fold4/weights/map_best.pt,0488cee3e88c891a5091b90ef75eece10dca6859b19b84cfde54352fbe8c0934,19,A16_FA-18,48,440,0.98325942,0.98636364,0.01674058,0.98480908,0.99445477,0.84866959
new_labels,yolo26s,fold4,map_best.pt,new_labels/yolo26s/fold4/weights/map_best.pt,0488cee3e88c891a5091b90ef75eece10dca6859b19b84cfde54352fbe8c0934,20,A17_TU-95,60,234,0.99174336,0.99145299,0.00825664,0.99159816,0.99495708,0.89825562
new_labels,yolo26s,fold4,map_best.pt,new_labels/yolo26s/fold4/weights/map_best.pt,0488cee3e88c891a5091b90ef75eece10dca6859b19b84cfde54352fbe8c0934,21,A18_KC-10,16,57,1.00000000,0.93441820,0.00000000,0.96609740,0.99088130,0.85180684
new_labels,yolo26s,fold4,map_best.pt,new_labels/yolo26s/fold4/weights/map_best.pt,0488cee3e88c891a5091b90ef75eece10dca6859b19b84cfde54352fbe8c0934,22,A19_SU-34,56,205,0.98876329,0.85847857,0.01123671,0.91902648,0.95746676,0.78281853
new_labels,yolo26s,fold4,map_best.pt,new_labels/yolo26s/fold4/weights/map_best.pt,0488cee3e88c891a5091b90ef75eece10dca6859b19b84cfde54352fbe8c0934,23,A20_SU-24,40,162,0.99342063,0.93203896,0.00657937,0.96175140,0.99060234,0.82056573
new_labels,yolo26s,fold4,map_best.pt,new_labels/yolo26s/fold4/weights/map_best.pt,0488cee3e88c891a5091b90ef75eece10dca6859b19b84cfde54352fbe8c0934,24,FSC,13,88,0.95163461,0.44318182,0.04836539,0.60473500,0.66573338,0.26983182
new_labels,yolo26s,fold4,precision_fdr_best.pt,new_labels/yolo26s/fold4/weights/precision_fdr_best.pt,702f292f21b245fdb9276cedb3aa831fa7558fcc8bc2a9f914f3157c85c8142f,0,HM,2,2,0.89732979,1.00000000,0.10267021,0.94588700,0.99500000,0.84914286
new_labels,yolo26s,fold4,precision_fdr_best.pt,new_labels/yolo26s/fold4/weights/precision_fdr_best.pt,702f292f21b245fdb9276cedb3aa831fa7558fcc8bc2a9f914f3157c85c8142f,1,LQS,5,5,0.95468075,1.00000000,0.04531925,0.97681501,0.99500000,0.80393750
new_labels,yolo26s,fold4,precision_fdr_best.pt,new_labels/yolo26s/fold4/weights/precision_fdr_best.pt,702f292f21b245fdb9276cedb3aa831fa7558fcc8bc2a9f914f3157c85c8142f,2,QHS,38,104,0.85880489,0.70181645,0.14119511,0.77241466,0.81876659,0.54433721
new_labels,yolo26s,fold4,precision_fdr_best.pt,new_labels/yolo26s/fold4/weights/precision_fdr_best.pt,702f292f21b245fdb9276cedb3aa831fa7558fcc8bc2a9f914f3157c85c8142f,3,MS,237,359,0.86818840,0.77994429,0.13181160,0.82170397,0.84780672,0.57923748
new_labels,yolo26s,fold4,precision_fdr_best.pt,new_labels/yolo26s/fold4/weights/precision_fdr_best.pt,702f292f21b245fdb9276cedb3aa831fa7558fcc8bc2a9f914f3157c85c8142f,4,A1_SU-35,56,260,0.94283561,0.95154631,0.05716439,0.94717093,0.97800879,0.85131656
new_labels,yolo26s,fold4,precision_fdr_best.pt,new_labels/yolo26s/fold4/weights/precision_fdr_best.pt,702f292f21b245fdb9276cedb3aa831fa7558fcc8bc2a9f914f3157c85c8142f,5,A2_C-130,57,195,1.00000000,0.97602189,0.00000000,0.98786546,0.99494872,0.78599338
new_labels,yolo26s,fold4,precision_fdr_best.pt,new_labels/yolo26s/fold4/weights/precision_fdr_best.pt,702f292f21b245fdb9276cedb3aa831fa7558fcc8bc2a9f914f3157c85c8142f,6,A3_C-17,52,133,0.99231457,0.97080597,0.00768543,0.98144244,0.99469923,0.86361597
new_labels,yolo26s,fold4,precision_fdr_best.pt,new_labels/yolo26s/fold4/weights/precision_fdr_best.pt,702f292f21b245fdb9276cedb3aa831fa7558fcc8bc2a9f914f3157c85c8142f,7,A4_C-5,23,88,1.00000000,0.98286557,0.00000000,0.99135875,0.99488764,0.86478572
new_labels,yolo26s,fold4,precision_fdr_best.pt,new_labels/yolo26s/fold4/weights/precision_fdr_best.pt,702f292f21b245fdb9276cedb3aa831fa7558fcc8bc2a9f914f3157c85c8142f,8,A5_F-16,48,208,0.98420293,0.99038462,0.01579707,0.98728410,0.99436722,0.76714308
new_labels,yolo26s,fold4,precision_fdr_best.pt,new_labels/yolo26s/fold4/weights/precision_fdr_best.pt,702f292f21b245fdb9276cedb3aa831fa7558fcc8bc2a9f914f3157c85c8142f,9,A6_TU-160,17,61,0.98493755,1.00000000,0.01506245,0.99241163,0.99500000,0.85125649
new_labels,yolo26s,fold4,precision_fdr_best.pt,new_labels/yolo26s/fold4/weights/precision_fdr_best.pt,702f292f21b245fdb9276cedb3aa831fa7558fcc8bc2a9f914f3157c85c8142f,10,A7_E-3,32,119,0.99346867,0.98319328,0.00653133,0.98830426,0.99421875,0.84965258
new_labels,yolo26s,fold4,precision_fdr_best.pt,new_labels/yolo26s/fold4/weights/precision_fdr_best.pt,702f292f21b245fdb9276cedb3aa831fa7558fcc8bc2a9f914f3157c85c8142f,11,A8_B-52,33,177,0.99765694,1.00000000,0.00234306,0.99882709,0.99500000,0.86478117
new_labels,yolo26s,fold4,precision_fdr_best.pt,new_labels/yolo26s/fold4/weights/precision_fdr_best.pt,702f292f21b245fdb9276cedb3aa831fa7558fcc8bc2a9f914f3157c85c8142f,12,A9_P-3C,38,198,0.99381612,0.98989899,0.00618388,0.99185369,0.99484874,0.80631760
new_labels,yolo26s,fold4,precision_fdr_best.pt,new_labels/yolo26s/fold4/weights/precision_fdr_best.pt,702f292f21b245fdb9276cedb3aa831fa7558fcc8bc2a9f914f3157c85c8142f,13,A10_B-1B,32,163,0.99972314,1.00000000,0.00027686,0.99986155,0.99500000,0.83449942
new_labels,yolo26s,fold4,precision_fdr_best.pt,new_labels/yolo26s/fold4/weights/precision_fdr_best.pt,702f292f21b245fdb9276cedb3aa831fa7558fcc8bc2a9f914f3157c85c8142f,14,A11_E-8,31,46,0.92386596,0.76086957,0.07613404,0.83448290,0.90173978,0.74888104
new_labels,yolo26s,fold4,precision_fdr_best.pt,new_labels/yolo26s/fold4/weights/precision_fdr_best.pt,702f292f21b245fdb9276cedb3aa831fa7558fcc8bc2a9f914f3157c85c8142f,15,A12_TU-22,37,106,0.99782826,1.00000000,0.00217174,0.99891295,0.99500000,0.84947855
new_labels,yolo26s,fold4,precision_fdr_best.pt,new_labels/yolo26s/fold4/weights/precision_fdr_best.pt,702f292f21b245fdb9276cedb3aa831fa7558fcc8bc2a9f914f3157c85c8142f,16,A13_F-15,42,258,0.93650989,0.97193375,0.06349011,0.95389306,0.95937120,0.76689953
new_labels,yolo26s,fold4,precision_fdr_best.pt,new_labels/yolo26s/fold4/weights/precision_fdr_best.pt,702f292f21b245fdb9276cedb3aa831fa7558fcc8bc2a9f914f3157c85c8142f,17,A14_KC-135,71,255,0.96917500,0.98639423,0.03082500,0.97770880,0.98492819,0.83142849
new_labels,yolo26s,fold4,precision_fdr_best.pt,new_labels/yolo26s/fold4/weights/precision_fdr_best.pt,702f292f21b245fdb9276cedb3aa831fa7558fcc8bc2a9f914f3157c85c8142f,18,A15_F-22,23,104,0.97502180,0.75067914,0.02497820,0.84826810,0.90117633,0.71625967
new_labels,yolo26s,fold4,precision_fdr_best.pt,new_labels/yolo26s/fold4/weights/precision_fdr_best.pt,702f292f21b245fdb9276cedb3aa831fa7558fcc8bc2a9f914f3157c85c8142f,19,A16_FA-18,48,440,0.98982070,0.98181818,0.01017930,0.98580320,0.99456340,0.83939895
new_labels,yolo26s,fold4,precision_fdr_best.pt,new_labels/yolo26s/fold4/weights/precision_fdr_best.pt,702f292f21b245fdb9276cedb3aa831fa7558fcc8bc2a9f914f3157c85c8142f,20,A17_TU-95,60,234,0.99884405,1.00000000,0.00115595,0.99942169,0.99500000,0.90812295
new_labels,yolo26s,fold4,precision_fdr_best.pt,new_labels/yolo26s/fold4/weights/precision_fdr_best.pt,702f292f21b245fdb9276cedb3aa831fa7558fcc8bc2a9f914f3157c85c8142f,21,A18_KC-10,16,57,1.00000000,0.91580527,0.00000000,0.95605256,0.98834796,0.85049616
new_labels,yolo26s,fold4,precision_fdr_best.pt,new_labels/yolo26s/fold4/weights/precision_fdr_best.pt,702f292f21b245fdb9276cedb3aa831fa7558fcc8bc2a9f914f3157c85c8142f,22,A19_SU-34,56,205,0.98620017,0.88780488,0.01379983,0.93441939,0.95515537,0.78354814
new_labels,yolo26s,fold4,precision_fdr_best.pt,new_labels/yolo26s/fold4/weights/precision_fdr_best.pt,702f292f21b245fdb9276cedb3aa831fa7558fcc8bc2a9f914f3157c85c8142f,23,A20_SU-24,40,162,0.99609562,0.99382716,0.00390438,0.99496010,0.99500000,0.83552909
new_labels,yolo26s,fold4,precision_fdr_best.pt,new_labels/yolo26s/fold4/weights/precision_fdr_best.pt,702f292f21b245fdb9276cedb3aa831fa7558fcc8bc2a9f914f3157c85c8142f,24,FSC,13,88,1.00000000,0.32573981,0.00000000,0.49140835,0.56131801,0.20652025
new_labels,yolo26s,fold4,recall_best.pt,new_labels/yolo26s/fold4/weights/recall_best.pt,7d7e270d64f370b93361d1ca41eb8fc3ff324b32620265e0fae9fc447df343b2,0,HM,2,2,0.57376365,1.00000000,0.42623635,0.72916114,0.99500000,0.89550000
new_labels,yolo26s,fold4,recall_best.pt,new_labels/yolo26s/fold4/weights/recall_best.pt,7d7e270d64f370b93361d1ca41eb8fc3ff324b32620265e0fae9fc447df343b2,1,LQS,5,5,1.00000000,0.96650779,0.00000000,0.98296869,0.99500000,0.75608333
new_labels,yolo26s,fold4,recall_best.pt,new_labels/yolo26s/fold4/weights/recall_best.pt,7d7e270d64f370b93361d1ca41eb8fc3ff324b32620265e0fae9fc447df343b2,2,QHS,38,104,0.76129156,0.79730927,0.23870844,0.77888425,0.83423507,0.55724537
new_labels,yolo26s,fold4,recall_best.pt,new_labels/yolo26s/fold4/weights/recall_best.pt,7d7e270d64f370b93361d1ca41eb8fc3ff324b32620265e0fae9fc447df343b2,3,MS,237,359,0.76449153,0.83286908,0.23550847,0.79721680,0.83255808,0.54902495
new_labels,yolo26s,fold4,recall_best.pt,new_labels/yolo26s/fold4/weights/recall_best.pt,7d7e270d64f370b93361d1ca41eb8fc3ff324b32620265e0fae9fc447df343b2,4,A1_SU-35,56,260,0.90410184,0.98461538,0.09589816,0.94264252,0.96444935,0.82688930
new_labels,yolo26s,fold4,recall_best.pt,new_labels/yolo26s/fold4/weights/recall_best.pt,7d7e270d64f370b93361d1ca41eb8fc3ff324b32620265e0fae9fc447df343b2,5,A2_C-130,57,195,0.99822505,1.00000000,0.00177495,0.99911174,0.99500000,0.79004266
new_labels,yolo26s,fold4,recall_best.pt,new_labels/yolo26s/fold4/weights/recall_best.pt,7d7e270d64f370b93361d1ca41eb8fc3ff324b32620265e0fae9fc447df343b2,6,A3_C-17,52,133,0.98492670,0.98260587,0.01507330,0.98376492,0.99432481,0.86674017
new_labels,yolo26s,fold4,recall_best.pt,new_labels/yolo26s/fold4/weights/recall_best.pt,7d7e270d64f370b93361d1ca41eb8fc3ff324b32620265e0fae9fc447df343b2,7,A4_C-5,23,88,0.99896934,0.97727273,0.00103066,0.98800194,0.99386596,0.87988312
new_labels,yolo26s,fold4,recall_best.pt,new_labels/yolo26s/fold4/weights/recall_best.pt,7d7e270d64f370b93361d1ca41eb8fc3ff324b32620265e0fae9fc447df343b2,8,A5_F-16,48,208,0.98396113,0.99519231,0.01603887,0.98954485,0.99299397,0.76370682
new_labels,yolo26s,fold4,recall_best.pt,new_labels/yolo26s/fold4/weights/recall_best.pt,7d7e270d64f370b93361d1ca41eb8fc3ff324b32620265e0fae9fc447df343b2,9,A6_TU-160,17,61,0.97279412,1.00000000,0.02720588,0.98620947,0.99483871,0.86750882
new_labels,yolo26s,fold4,recall_best.pt,new_labels/yolo26s/fold4/weights/recall_best.pt,7d7e270d64f370b93361d1ca41eb8fc3ff324b32620265e0fae9fc447df343b2,10,A7_E-3,32,119,0.97153312,0.98319328,0.02846688,0.97732842,0.99330986,0.85152149
new_labels,yolo26s,fold4,recall_best.pt,new_labels/yolo26s/fold4/weights/recall_best.pt,7d7e270d64f370b93361d1ca41eb8fc3ff324b32620265e0fae9fc447df343b2,11,A8_B-52,33,177,0.99437378,0.99853216,0.00562622,0.99644863,0.99500000,0.86945934
new_labels,yolo26s,fold4,recall_best.pt,new_labels/yolo26s/fold4/weights/recall_best.pt,7d7e270d64f370b93361d1ca41eb8fc3ff324b32620265e0fae9fc447df343b2,12,A9_P-3C,38,198,0.99606746,0.99494949,0.00393254,0.99550817,0.99500000,0.81235901
new_labels,yolo26s,fold4,recall_best.pt,new_labels/yolo26s/fold4/weights/recall_best.pt,7d7e270d64f370b93361d1ca41eb8fc3ff324b32620265e0fae9fc447df343b2,13,A10_B-1B,32,163,0.99773474,1.00000000,0.00226526,0.99886608,0.99500000,0.83002659
new_labels,yolo26s,fold4,recall_best.pt,new_labels/yolo26s/fold4/weights/recall_best.pt,7d7e270d64f370b93361d1ca41eb8fc3ff324b32620265e0fae9fc447df343b2,14,A11_E-8,31,46,0.92919312,0.85596208,0.07080688,0.89107555,0.92377571,0.76064066
new_labels,yolo26s,fold4,recall_best.pt,new_labels/yolo26s/fold4/weights/recall_best.pt,7d7e270d64f370b93361d1ca41eb8fc3ff324b32620265e0fae9fc447df343b2,15,A12_TU-22,37,106,0.98423734,1.00000000,0.01576266,0.99205606,0.99500000,0.84354504
new_labels,yolo26s,fold4,recall_best.pt,new_labels/yolo26s/fold4/weights/recall_best.pt,7d7e270d64f370b93361d1ca41eb8fc3ff324b32620265e0fae9fc447df343b2,16,A13_F-15,42,258,0.92450230,0.99672342,0.07549770,0.95925542,0.95797227,0.76039208
new_labels,yolo26s,fold4,recall_best.pt,new_labels/yolo26s/fold4/weights/recall_best.pt,7d7e270d64f370b93361d1ca41eb8fc3ff324b32620265e0fae9fc447df343b2,17,A14_KC-135,71,255,0.95511726,0.99607843,0.04488274,0.97516790,0.99062617,0.83311767
new_labels,yolo26s,fold4,recall_best.pt,new_labels/yolo26s/fold4/weights/recall_best.pt,7d7e270d64f370b93361d1ca41eb8fc3ff324b32620265e0fae9fc447df343b2,18,A15_F-22,23,104,0.90331875,0.83653846,0.09668125,0.86864700,0.92795725,0.69268505
new_labels,yolo26s,fold4,recall_best.pt,new_labels/yolo26s/fold4/weights/recall_best.pt,7d7e270d64f370b93361d1ca41eb8fc3ff324b32620265e0fae9fc447df343b2,19,A16_FA-18,48,440,0.97301101,0.99090909,0.02698899,0.98187849,0.99456914,0.83871618
new_labels,yolo26s,fold4,recall_best.pt,new_labels/yolo26s/fold4/weights/recall_best.pt,7d7e270d64f370b93361d1ca41eb8fc3ff324b32620265e0fae9fc447df343b2,20,A17_TU-95,60,234,0.99658410,1.00000000,0.00341590,0.99828913,0.99500000,0.89701099
new_labels,yolo26s,fold4,recall_best.pt,new_labels/yolo26s/fold4/weights/recall_best.pt,7d7e270d64f370b93361d1ca41eb8fc3ff324b32620265e0fae9fc447df343b2,21,A18_KC-10,16,57,0.98943004,0.96491228,0.01056996,0.97701737,0.98897343,0.84341828
new_labels,yolo26s,fold4,recall_best.pt,new_labels/yolo26s/fold4/weights/recall_best.pt,7d7e270d64f370b93361d1ca41eb8fc3ff324b32620265e0fae9fc447df343b2,22,A19_SU-34,56,205,0.97360832,0.89978024,0.02639168,0.93523954,0.96127308,0.76740537
new_labels,yolo26s,fold4,recall_best.pt,new_labels/yolo26s/fold4/weights/recall_best.pt,7d7e270d64f370b93361d1ca41eb8fc3ff324b32620265e0fae9fc447df343b2,23,A20_SU-24,40,162,0.98184077,0.97530864,0.01815923,0.97856380,0.99330686,0.82076746
new_labels,yolo26s,fold4,recall_best.pt,new_labels/yolo26s/fold4/weights/recall_best.pt,7d7e270d64f370b93361d1ca41eb8fc3ff324b32620265e0fae9fc447df343b2,24,FSC,13,88,0.81987603,0.55681818,0.18012397,0.66321464,0.68779912,0.29775874
original_labels,yolo26n,fold0,map_best.pt,original_labels/yolo26n/fold0/weights/map_best.pt,2f96a47542f090595a528de7a43997e348048a1fadefacefa5fa925ed3fbaca5,0,HM,3,4,0.60237995,0.50000000,0.39762005,0.54643587,0.61169118,0.56140158
original_labels,yolo26n,fold0,map_best.pt,original_labels/yolo26n/fold0/weights/map_best.pt,2f96a47542f090595a528de7a43997e348048a1fadefacefa5fa925ed3fbaca5,1,LQS,5,7,0.46825960,0.14285714,0.53174040,0.21892455,0.30669562,0.23564280
original_labels,yolo26n,fold0,map_best.pt,original_labels/yolo26n/fold0/weights/map_best.pt,2f96a47542f090595a528de7a43997e348048a1fadefacefa5fa925ed3fbaca5,2,QHS,41,118,0.83528908,0.61864407,0.16471092,0.71082585,0.76702927,0.48848921
original_labels,yolo26n,fold0,map_best.pt,original_labels/yolo26n/fold0/weights/map_best.pt,2f96a47542f090595a528de7a43997e348048a1fadefacefa5fa925ed3fbaca5,3,MS,238,405,0.87329872,0.81689925,0.12670128,0.84415800,0.88776157,0.57046933
original_labels,yolo26n,fold0,map_best.pt,original_labels/yolo26n/fold0/weights/map_best.pt,2f96a47542f090595a528de7a43997e348048a1fadefacefa5fa925ed3fbaca5,4,A1_SU-35,56,272,0.92546044,0.95220588,0.07453956,0.93864268,0.98197755,0.83150666
original_labels,yolo26n,fold0,map_best.pt,original_labels/yolo26n/fold0/weights/map_best.pt,2f96a47542f090595a528de7a43997e348048a1fadefacefa5fa925ed3fbaca5,5,A2_C-130,58,199,0.98475728,0.97395012,0.01524272,0.97932389,0.99388380,0.78693736
original_labels,yolo26n,fold0,map_best.pt,original_labels/yolo26n/fold0/weights/map_best.pt,2f96a47542f090595a528de7a43997e348048a1fadefacefa5fa925ed3fbaca5,6,A3_C-17,51,194,0.98075723,0.99484536,0.01924277,0.98775106,0.99314433,0.84173158
original_labels,yolo26n,fold0,map_best.pt,original_labels/yolo26n/fold0/weights/map_best.pt,2f96a47542f090595a528de7a43997e348048a1fadefacefa5fa925ed3fbaca5,7,A4_C-5,24,91,0.99075812,0.98901099,0.00924188,0.98988378,0.99375000,0.88246866
original_labels,yolo26n,fold0,map_best.pt,original_labels/yolo26n/fold0/weights/map_best.pt,2f96a47542f090595a528de7a43997e348048a1fadefacefa5fa925ed3fbaca5,8,A5_F-16,48,201,0.97818486,0.94029851,0.02181514,0.95886759,0.98536122,0.76280027
original_labels,yolo26n,fold0,map_best.pt,original_labels/yolo26n/fold0/weights/map_best.pt,2f96a47542f090595a528de7a43997e348048a1fadefacefa5fa925ed3fbaca5,9,A6_TU-160,18,64,0.99361420,1.00000000,0.00638580,0.99679687,0.99500000,0.84639259
original_labels,yolo26n,fold0,map_best.pt,original_labels/yolo26n/fold0/weights/map_best.pt,2f96a47542f090595a528de7a43997e348048a1fadefacefa5fa925ed3fbaca5,10,A7_E-3,31,88,0.98272578,1.00000000,0.01727422,0.99128764,0.99455056,0.85143030
original_labels,yolo26n,fold0,map_best.pt,original_labels/yolo26n/fold0/weights/map_best.pt,2f96a47542f090595a528de7a43997e348048a1fadefacefa5fa925ed3fbaca5,11,A8_B-52,33,114,0.99941341,1.00000000,0.00058659,0.99970662,0.99500000,0.86639230
original_labels,yolo26n,fold0,map_best.pt,original_labels/yolo26n/fold0/weights/map_best.pt,2f96a47542f090595a528de7a43997e348048a1fadefacefa5fa925ed3fbaca5,12,A9_P-3C,38,127,0.95194234,0.98425197,0.04805766,0.96782757,0.98513446,0.78861357
original_labels,yolo26n,fold0,map_best.pt,original_labels/yolo26n/fold0/weights/map_best.pt,2f96a47542f090595a528de7a43997e348048a1fadefacefa5fa925ed3fbaca5,13,A10_B-1B,31,141,0.98881960,1.00000000,0.01118040,0.99437837,0.99500000,0.81790345
original_labels,yolo26n,fold0,map_best.pt,original_labels/yolo26n/fold0/weights/map_best.pt,2f96a47542f090595a528de7a43997e348048a1fadefacefa5fa925ed3fbaca5,14,A11_E-8,31,84,0.90850932,0.94575494,0.09149068,0.92675806,0.97451422,0.79934576
original_labels,yolo26n,fold0,map_best.pt,original_labels/yolo26n/fold0/weights/map_best.pt,2f96a47542f090595a528de7a43997e348048a1fadefacefa5fa925ed3fbaca5,15,A12_TU-22,37,129,0.98739332,1.00000000,0.01260668,0.99365667,0.99500000,0.78857486
original_labels,yolo26n,fold0,map_best.pt,original_labels/yolo26n/fold0/weights/map_best.pt,2f96a47542f090595a528de7a43997e348048a1fadefacefa5fa925ed3fbaca5,16,A13_F-15,43,239,0.95680939,0.98326360,0.04319061,0.96985613,0.99097768,0.77420977
original_labels,yolo26n,fold0,map_best.pt,original_labels/yolo26n/fold0/weights/map_best.pt,2f96a47542f090595a528de7a43997e348048a1fadefacefa5fa925ed3fbaca5,17,A14_KC-135,72,273,0.98263934,0.98901099,0.01736066,0.98581487,0.99364992,0.83533721
original_labels,yolo26n,fold0,map_best.pt,original_labels/yolo26n/fold0/weights/map_best.pt,2f96a47542f090595a528de7a43997e348048a1fadefacefa5fa925ed3fbaca5,18,A15_F-22,23,89,0.95131662,1.00000000,0.04868338,0.97505101,0.98663071,0.73675558
original_labels,yolo26n,fold0,map_best.pt,original_labels/yolo26n/fold0/weights/map_best.pt,2f96a47542f090595a528de7a43997e348048a1fadefacefa5fa925ed3fbaca5,19,A16_FA-18,49,394,0.97985044,0.98738842,0.02014956,0.98360499,0.99415910,0.81884618
original_labels,yolo26n,fold0,map_best.pt,original_labels/yolo26n/fold0/weights/map_best.pt,2f96a47542f090595a528de7a43997e348048a1fadefacefa5fa925ed3fbaca5,20,A17_TU-95,60,215,0.99743220,1.00000000,0.00256780,0.99871445,0.99500000,0.88777390
original_labels,yolo26n,fold0,map_best.pt,original_labels/yolo26n/fold0/weights/map_best.pt,2f96a47542f090595a528de7a43997e348048a1fadefacefa5fa925ed3fbaca5,21,A18_KC-10,17,40,1.00000000,0.95835747,0.00000000,0.97873599,0.99318182,0.84938965
original_labels,yolo26n,fold0,map_best.pt,original_labels/yolo26n/fold0/weights/map_best.pt,2f96a47542f090595a528de7a43997e348048a1fadefacefa5fa925ed3fbaca5,22,A19_SU-34,57,172,0.96244085,0.89389077,0.03755915,0.92690011,0.97881531,0.84087308
original_labels,yolo26n,fold0,map_best.pt,original_labels/yolo26n/fold0/weights/map_best.pt,2f96a47542f090595a528de7a43997e348048a1fadefacefa5fa925ed3fbaca5,23,A20_SU-24,40,136,1.00000000,0.98009686,0.00000000,0.98994840,0.99406040,0.86732977
original_labels,yolo26n,fold0,map_best.pt,original_labels/yolo26n/fold0/weights/map_best.pt,2f96a47542f090595a528de7a43997e348048a1fadefacefa5fa925ed3fbaca5,24,FSC,14,71,0.69946925,0.45070423,0.30053075,0.54818469,0.56873292,0.30692584
original_labels,yolo26n,fold0,precision_fdr_best.pt,original_labels/yolo26n/fold0/weights/precision_fdr_best.pt,10426ad914b3462671c7cc4f5b50e5ac4da8dbbf1889a9b48f10c17a87b59cf7,0,HM,3,4,0.84808903,0.50000000,0.15191097,0.62910462,0.52687500,0.43612500
original_labels,yolo26n,fold0,precision_fdr_best.pt,original_labels/yolo26n/fold0/weights/precision_fdr_best.pt,10426ad914b3462671c7cc4f5b50e5ac4da8dbbf1889a9b48f10c17a87b59cf7,1,LQS,5,7,0.93420844,0.14285714,0.06579156,0.24781843,0.37271071,0.27660807
original_labels,yolo26n,fold0,precision_fdr_best.pt,original_labels/yolo26n/fold0/weights/precision_fdr_best.pt,10426ad914b3462671c7cc4f5b50e5ac4da8dbbf1889a9b48f10c17a87b59cf7,2,QHS,41,118,0.90223549,0.54749129,0.09776451,0.68146092,0.76084432,0.47716933
original_labels,yolo26n,fold0,precision_fdr_best.pt,original_labels/yolo26n/fold0/weights/precision_fdr_best.pt,10426ad914b3462671c7cc4f5b50e5ac4da8dbbf1889a9b48f10c17a87b59cf7,3,MS,238,405,0.91294999,0.77686463,0.08705001,0.83942765,0.90304873,0.58399036
original_labels,yolo26n,fold0,precision_fdr_best.pt,original_labels/yolo26n/fold0/weights/precision_fdr_best.pt,10426ad914b3462671c7cc4f5b50e5ac4da8dbbf1889a9b48f10c17a87b59cf7,4,A1_SU-35,56,272,0.96910917,0.95220588,0.03089083,0.96058317,0.98616715,0.82780856
original_labels,yolo26n,fold0,precision_fdr_best.pt,original_labels/yolo26n/fold0/weights/precision_fdr_best.pt,10426ad914b3462671c7cc4f5b50e5ac4da8dbbf1889a9b48f10c17a87b59cf7,5,A2_C-130,58,199,0.99270419,0.97487437,0.00729581,0.98370849,0.99245709,0.78718767
original_labels,yolo26n,fold0,precision_fdr_best.pt,original_labels/yolo26n/fold0/weights/precision_fdr_best.pt,10426ad914b3462671c7cc4f5b50e5ac4da8dbbf1889a9b48f10c17a87b59cf7,6,A3_C-17,51,194,0.98424628,0.99484536,0.01575372,0.98951744,0.99458763,0.84955936
original_labels,yolo26n,fold0,precision_fdr_best.pt,original_labels/yolo26n/fold0/weights/precision_fdr_best.pt,10426ad914b3462671c7cc4f5b50e5ac4da8dbbf1889a9b48f10c17a87b59cf7,7,A4_C-5,24,91,0.98887880,0.97713402,0.01112120,0.98297133,0.99358994,0.88078674
original_labels,yolo26n,fold0,precision_fdr_best.pt,original_labels/yolo26n/fold0/weights/precision_fdr_best.pt,10426ad914b3462671c7cc4f5b50e5ac4da8dbbf1889a9b48f10c17a87b59cf7,8,A5_F-16,48,201,0.98945142,0.93333440,0.01054858,0.96057402,0.98552848,0.75385457
original_labels,yolo26n,fold0,precision_fdr_best.pt,original_labels/yolo26n/fold0/weights/precision_fdr_best.pt,10426ad914b3462671c7cc4f5b50e5ac4da8dbbf1889a9b48f10c17a87b59cf7,9,A6_TU-160,18,64,0.99735877,1.00000000,0.00264123,0.99867764,0.99500000,0.83960947
original_labels,yolo26n,fold0,precision_fdr_best.pt,original_labels/yolo26n/fold0/weights/precision_fdr_best.pt,10426ad914b3462671c7cc4f5b50e5ac4da8dbbf1889a9b48f10c17a87b59cf7,10,A7_E-3,31,88,0.97582523,0.98863636,0.02417477,0.98218902,0.99379598,0.85363778
original_labels,yolo26n,fold0,precision_fdr_best.pt,original_labels/yolo26n/fold0/weights/precision_fdr_best.pt,10426ad914b3462671c7cc4f5b50e5ac4da8dbbf1889a9b48f10c17a87b59cf7,11,A8_B-52,33,114,1.00000000,0.99340173,0.00000000,0.99668994,0.99500000,0.86402068
original_labels,yolo26n,fold0,precision_fdr_best.pt,original_labels/yolo26n/fold0/weights/precision_fdr_best.pt,10426ad914b3462671c7cc4f5b50e5ac4da8dbbf1889a9b48f10c17a87b59cf7,12,A9_P-3C,38,127,0.95585200,0.98425197,0.04414800,0.96984412,0.97565525,0.77342297
original_labels,yolo26n,fold0,precision_fdr_best.pt,original_labels/yolo26n/fold0/weights/precision_fdr_best.pt,10426ad914b3462671c7cc4f5b50e5ac4da8dbbf1889a9b48f10c17a87b59cf7,13,A10_B-1B,31,141,0.99625413,1.00000000,0.00374587,0.99812355,0.99500000,0.81743765
original_labels,yolo26n,fold0,precision_fdr_best.pt,original_labels/yolo26n/fold0/weights/precision_fdr_best.pt,10426ad914b3462671c7cc4f5b50e5ac4da8dbbf1889a9b48f10c17a87b59cf7,14,A11_E-8,31,84,0.94457033,0.90476190,0.05542967,0.92423766,0.97188278,0.80254736
original_labels,yolo26n,fold0,precision_fdr_best.pt,original_labels/yolo26n/fold0/weights/precision_fdr_best.pt,10426ad914b3462671c7cc4f5b50e5ac4da8dbbf1889a9b48f10c17a87b59cf7,15,A12_TU-22,37,129,0.99222605,0.98943020,0.00777395,0.99082615,0.99492248,0.79373996
original_labels,yolo26n,fold0,precision_fdr_best.pt,original_labels/yolo26n/fold0/weights/precision_fdr_best.pt,10426ad914b3462671c7cc4f5b50e5ac4da8dbbf1889a9b48f10c17a87b59cf7,16,A13_F-15,43,239,0.96078057,0.97489540,0.03921943,0.96778652,0.99061574,0.77703438
original_labels,yolo26n,fold0,precision_fdr_best.pt,original_labels/yolo26n/fold0/weights/precision_fdr_best.pt,10426ad914b3462671c7cc4f5b50e5ac4da8dbbf1889a9b48f10c17a87b59cf7,17,A14_KC-135,72,273,0.98902059,0.97435897,0.01097941,0.98163504,0.99369690,0.83610235
original_labels,yolo26n,fold0,precision_fdr_best.pt,original_labels/yolo26n/fold0/weights/precision_fdr_best.pt,10426ad914b3462671c7cc4f5b50e5ac4da8dbbf1889a9b48f10c17a87b59cf7,18,A15_F-22,23,89,0.95473921,1.00000000,0.04526079,0.97684561,0.99050837,0.74711723
original_labels,yolo26n,fold0,precision_fdr_best.pt,original_labels/yolo26n/fold0/weights/precision_fdr_best.pt,10426ad914b3462671c7cc4f5b50e5ac4da8dbbf1889a9b48f10c17a87b59cf7,19,A16_FA-18,49,394,0.98187829,0.98984772,0.01812171,0.98584690,0.99416304,0.82424599
original_labels,yolo26n,fold0,precision_fdr_best.pt,original_labels/yolo26n/fold0/weights/precision_fdr_best.pt,10426ad914b3462671c7cc4f5b50e5ac4da8dbbf1889a9b48f10c17a87b59cf7,20,A17_TU-95,60,215,0.99622853,0.99534884,0.00377147,0.99578849,0.99500000,0.88433626
original_labels,yolo26n,fold0,precision_fdr_best.pt,original_labels/yolo26n/fold0/weights/precision_fdr_best.pt,10426ad914b3462671c7cc4f5b50e5ac4da8dbbf1889a9b48f10c17a87b59cf7,21,A18_KC-10,17,40,1.00000000,0.92861012,0.00000000,0.96298377,0.98954545,0.85530723
original_labels,yolo26n,fold0,precision_fdr_best.pt,original_labels/yolo26n/fold0/weights/precision_fdr_best.pt,10426ad914b3462671c7cc4f5b50e5ac4da8dbbf1889a9b48f10c17a87b59cf7,22,A19_SU-34,57,172,0.96321278,0.91337599,0.03678722,0.93763262,0.97868604,0.84098265
original_labels,yolo26n,fold0,precision_fdr_best.pt,original_labels/yolo26n/fold0/weights/precision_fdr_best.pt,10426ad914b3462671c7cc4f5b50e5ac4da8dbbf1889a9b48f10c17a87b59cf7,23,A20_SU-24,40,136,0.99762048,0.98529412,0.00237952,0.99141898,0.99444056,0.86309061
original_labels,yolo26n,fold0,precision_fdr_best.pt,original_labels/yolo26n/fold0/weights/precision_fdr_best.pt,10426ad914b3462671c7cc4f5b50e5ac4da8dbbf1889a9b48f10c17a87b59cf7,24,FSC,14,71,0.72491761,0.43661972,0.27508239,0.54499036,0.55883199,0.28290800
original_labels,yolo26n,fold0,recall_best.pt,original_labels/yolo26n/fold0/weights/recall_best.pt,53ddf4b0af5ebb48367afb6704e491915b2a449fc3e78f2039ede9bf8f5fe99a,0,HM,3,4,0.74759917,0.74279751,0.25240083,0.74519061,0.69431818,0.59400000
original_labels,yolo26n,fold0,recall_best.pt,original_labels/yolo26n/fold0/weights/recall_best.pt,53ddf4b0af5ebb48367afb6704e491915b2a449fc3e78f2039ede9bf8f5fe99a,1,LQS,5,7,0.55332468,0.18856401,0.44667532,0.28127432,0.26825684,0.17834086
original_labels,yolo26n,fold0,recall_best.pt,original_labels/yolo26n/fold0/weights/recall_best.pt,53ddf4b0af5ebb48367afb6704e491915b2a449fc3e78f2039ede9bf8f5fe99a,2,QHS,41,118,0.74469953,0.69217537,0.25530047,0.71747745,0.76204159,0.47985529
original_labels,yolo26n,fold0,recall_best.pt,original_labels/yolo26n/fold0/weights/recall_best.pt,53ddf4b0af5ebb48367afb6704e491915b2a449fc3e78f2039ede9bf8f5fe99a,3,MS,238,405,0.74985870,0.87341675,0.25014130,0.80693532,0.88831130,0.56255047
original_labels,yolo26n,fold0,recall_best.pt,original_labels/yolo26n/fold0/weights/recall_best.pt,53ddf4b0af5ebb48367afb6704e491915b2a449fc3e78f2039ede9bf8f5fe99a,4,A1_SU-35,56,272,0.90642479,0.96153972,0.09357521,0.93316916,0.98227629,0.82097574
original_labels,yolo26n,fold0,recall_best.pt,original_labels/yolo26n/fold0/weights/recall_best.pt,53ddf4b0af5ebb48367afb6704e491915b2a449fc3e78f2039ede9bf8f5fe99a,5,A2_C-130,58,199,0.99163898,0.96984925,0.00836102,0.98062308,0.99072302,0.79624416
original_labels,yolo26n,fold0,recall_best.pt,original_labels/yolo26n/fold0/weights/recall_best.pt,53ddf4b0af5ebb48367afb6704e491915b2a449fc3e78f2039ede9bf8f5fe99a,6,A3_C-17,51,194,0.96738776,0.99484536,0.03261224,0.98092445,0.99343733,0.84649240
original_labels,yolo26n,fold0,recall_best.pt,original_labels/yolo26n/fold0/weights/recall_best.pt,53ddf4b0af5ebb48367afb6704e491915b2a449fc3e78f2039ede9bf8f5fe99a,7,A4_C-5,24,91,0.95640415,0.98901099,0.04359585,0.97243431,0.99281009,0.88089623
original_labels,yolo26n,fold0,recall_best.pt,original_labels/yolo26n/fold0/weights/recall_best.pt,53ddf4b0af5ebb48367afb6704e491915b2a449fc3e78f2039ede9bf8f5fe99a,8,A5_F-16,48,201,0.99467412,0.92917145,0.00532588,0.96080767,0.97934282,0.74224490
original_labels,yolo26n,fold0,recall_best.pt,original_labels/yolo26n/fold0/weights/recall_best.pt,53ddf4b0af5ebb48367afb6704e491915b2a449fc3e78f2039ede9bf8f5fe99a,9,A6_TU-160,18,64,0.97612277,1.00000000,0.02387723,0.98791713,0.99500000,0.83375022
original_labels,yolo26n,fold0,recall_best.pt,original_labels/yolo26n/fold0/weights/recall_best.pt,53ddf4b0af5ebb48367afb6704e491915b2a449fc3e78f2039ede9bf8f5fe99a,10,A7_E-3,31,88,0.94055661,1.00000000,0.05944339,0.96936787,0.99097949,0.83863296
original_labels,yolo26n,fold0,recall_best.pt,original_labels/yolo26n/fold0/weights/recall_best.pt,53ddf4b0af5ebb48367afb6704e491915b2a449fc3e78f2039ede9bf8f5fe99a,11,A8_B-52,33,114,0.97370927,0.97464476,0.02629073,0.97417679,0.99395781,0.85425691
original_labels,yolo26n,fold0,recall_best.pt,original_labels/yolo26n/fold0/weights/recall_best.pt,53ddf4b0af5ebb48367afb6704e491915b2a449fc3e78f2039ede9bf8f5fe99a,12,A9_P-3C,38,127,0.93646462,0.99212598,0.06353538,0.96349208,0.97916216,0.78263716
original_labels,yolo26n,fold0,recall_best.pt,original_labels/yolo26n/fold0/weights/recall_best.pt,53ddf4b0af5ebb48367afb6704e491915b2a449fc3e78f2039ede9bf8f5fe99a,13,A10_B-1B,31,141,0.97371580,1.00000000,0.02628420,0.98668288,0.99500000,0.80621644
original_labels,yolo26n,fold0,recall_best.pt,original_labels/yolo26n/fold0/weights/recall_best.pt,53ddf4b0af5ebb48367afb6704e491915b2a449fc3e78f2039ede9bf8f5fe99a,14,A11_E-8,31,84,0.90846164,0.95238095,0.09153836,0.92990301,0.96817154,0.77576151
original_labels,yolo26n,fold0,recall_best.pt,original_labels/yolo26n/fold0/weights/recall_best.pt,53ddf4b0af5ebb48367afb6704e491915b2a449fc3e78f2039ede9bf8f5fe99a,15,A12_TU-22,37,129,0.98245574,1.00000000,0.01754426,0.99115024,0.99500000,0.78665435
original_labels,yolo26n,fold0,recall_best.pt,original_labels/yolo26n/fold0/weights/recall_best.pt,53ddf4b0af5ebb48367afb6704e491915b2a449fc3e78f2039ede9bf8f5fe99a,16,A13_F-15,43,239,0.93043186,0.99163180,0.06956814,0.96005750,0.98857370,0.77239492
original_labels,yolo26n,fold0,recall_best.pt,original_labels/yolo26n/fold0/weights/recall_best.pt,53ddf4b0af5ebb48367afb6704e491915b2a449fc3e78f2039ede9bf8f5fe99a,17,A14_KC-135,72,273,0.95908638,0.98534799,0.04091362,0.97203984,0.99289232,0.83731890
original_labels,yolo26n,fold0,recall_best.pt,original_labels/yolo26n/fold0/weights/recall_best.pt,53ddf4b0af5ebb48367afb6704e491915b2a449fc3e78f2039ede9bf8f5fe99a,18,A15_F-22,23,89,0.90593867,1.00000000,0.09406133,0.95064829,0.99201962,0.73347832
original_labels,yolo26n,fold0,recall_best.pt,original_labels/yolo26n/fold0/weights/recall_best.pt,53ddf4b0af5ebb48367afb6704e491915b2a449fc3e78f2039ede9bf8f5fe99a,19,A16_FA-18,49,394,0.97038972,0.99746193,0.02961028,0.98373961,0.99445694,0.81435538
original_labels,yolo26n,fold0,recall_best.pt,original_labels/yolo26n/fold0/weights/recall_best.pt,53ddf4b0af5ebb48367afb6704e491915b2a449fc3e78f2039ede9bf8f5fe99a,20,A17_TU-95,60,215,0.99403990,0.99534884,0.00596010,0.99469394,0.99500000,0.87637963
original_labels,yolo26n,fold0,recall_best.pt,original_labels/yolo26n/fold0/weights/recall_best.pt,53ddf4b0af5ebb48367afb6704e491915b2a449fc3e78f2039ede9bf8f5fe99a,21,A18_KC-10,17,40,0.97832475,0.95000000,0.02167525,0.96395435,0.98668525,0.85451100
original_labels,yolo26n,fold0,recall_best.pt,original_labels/yolo26n/fold0/weights/recall_best.pt,53ddf4b0af5ebb48367afb6704e491915b2a449fc3e78f2039ede9bf8f5fe99a,22,A19_SU-34,57,172,0.92420632,0.92162620,0.07579368,0.92291445,0.97066083,0.82370608
original_labels,yolo26n,fold0,recall_best.pt,original_labels/yolo26n/fold0/weights/recall_best.pt,53ddf4b0af5ebb48367afb6704e491915b2a449fc3e78f2039ede9bf8f5fe99a,23,A20_SU-24,40,136,0.94768634,0.98529412,0.05231366,0.96612438,0.99032192,0.85118503
original_labels,yolo26n,fold0,recall_best.pt,original_labels/yolo26n/fold0/weights/recall_best.pt,53ddf4b0af5ebb48367afb6704e491915b2a449fc3e78f2039ede9bf8f5fe99a,24,FSC,14,71,0.49905660,0.49295775,0.50094340,0.49598843,0.51195123,0.26321312
original_labels,yolo26n,fold1,map_best.pt,original_labels/yolo26n/fold1/weights/map_best.pt,bc8c34247084250042308c09b21698fbee974f4fb381f00d541aa2acb17fc216,0,HM,3,4,0.71566204,1.00000000,0.28433796,0.83426925,0.99500000,0.93935088
original_labels,yolo26n,fold1,map_best.pt,original_labels/yolo26n/fold1/weights/map_best.pt,bc8c34247084250042308c09b21698fbee974f4fb381f00d541aa2acb17fc216,1,LQS,5,5,1.00000000,0.37482510,0.00000000,0.54526951,0.61257143,0.45735238
original_labels,yolo26n,fold1,map_best.pt,original_labels/yolo26n/fold1/weights/map_best.pt,bc8c34247084250042308c09b21698fbee974f4fb381f00d541aa2acb17fc216,2,QHS,41,93,0.62163771,0.59139785,0.37836229,0.60614086,0.60700927,0.37915328
original_labels,yolo26n,fold1,map_best.pt,original_labels/yolo26n/fold1/weights/map_best.pt,bc8c34247084250042308c09b21698fbee974f4fb381f00d541aa2acb17fc216,3,MS,238,388,0.79800608,0.78402064,0.20199392,0.79095154,0.82928931,0.56083785
original_labels,yolo26n,fold1,map_best.pt,original_labels/yolo26n/fold1/weights/map_best.pt,bc8c34247084250042308c09b21698fbee974f4fb381f00d541aa2acb17fc216,4,A1_SU-35,56,277,0.94092064,0.95306859,0.05907936,0.94695566,0.98487083,0.85721419
original_labels,yolo26n,fold1,map_best.pt,original_labels/yolo26n/fold1/weights/map_best.pt,bc8c34247084250042308c09b21698fbee974f4fb381f00d541aa2acb17fc216,5,A2_C-130,58,311,0.97468238,0.99678457,0.02531762,0.98560958,0.99496764,0.81276023
original_labels,yolo26n,fold1,map_best.pt,original_labels/yolo26n/fold1/weights/map_best.pt,bc8c34247084250042308c09b21698fbee974f4fb381f00d541aa2acb17fc216,6,A3_C-17,52,223,0.99380597,0.99551570,0.00619403,0.99466010,0.99491031,0.84524022
original_labels,yolo26n,fold1,map_best.pt,original_labels/yolo26n/fold1/weights/map_best.pt,bc8c34247084250042308c09b21698fbee974f4fb381f00d541aa2acb17fc216,7,A4_C-5,23,114,0.96037312,1.00000000,0.03962688,0.97978605,0.99482759,0.85448458
original_labels,yolo26n,fold1,map_best.pt,original_labels/yolo26n/fold1/weights/map_best.pt,bc8c34247084250042308c09b21698fbee974f4fb381f00d541aa2acb17fc216,8,A5_F-16,48,187,0.85583987,0.98416482,0.14416013,0.91552755,0.96386145,0.72102585
original_labels,yolo26n,fold1,map_best.pt,original_labels/yolo26n/fold1/weights/map_best.pt,bc8c34247084250042308c09b21698fbee974f4fb381f00d541aa2acb17fc216,9,A6_TU-160,17,79,0.97874115,1.00000000,0.02125885,0.98925638,0.99500000,0.83063320
original_labels,yolo26n,fold1,map_best.pt,original_labels/yolo26n/fold1/weights/map_best.pt,bc8c34247084250042308c09b21698fbee974f4fb381f00d541aa2acb17fc216,10,A7_E-3,31,105,0.94217891,0.98095238,0.05782109,0.96117478,0.98671398,0.85212617
original_labels,yolo26n,fold1,map_best.pt,original_labels/yolo26n/fold1/weights/map_best.pt,bc8c34247084250042308c09b21698fbee974f4fb381f00d541aa2acb17fc216,11,A8_B-52,33,140,0.95655750,1.00000000,0.04344250,0.97779646,0.99464385,0.86456912
original_labels,yolo26n,fold1,map_best.pt,original_labels/yolo26n/fold1/weights/map_best.pt,bc8c34247084250042308c09b21698fbee974f4fb381f00d541aa2acb17fc216,12,A9_P-3C,38,177,0.97746438,1.00000000,0.02253562,0.98860378,0.99488827,0.80280149
original_labels,yolo26n,fold1,map_best.pt,original_labels/yolo26n/fold1/weights/map_best.pt,bc8c34247084250042308c09b21698fbee974f4fb381f00d541aa2acb17fc216,13,A10_B-1B,31,167,0.99407188,0.96407186,0.00592812,0.97884206,0.99277940,0.82516893
original_labels,yolo26n,fold1,map_best.pt,original_labels/yolo26n/fold1/weights/map_best.pt,bc8c34247084250042308c09b21698fbee974f4fb381f00d541aa2acb17fc216,14,A11_E-8,31,97,0.88595949,0.91752577,0.11404051,0.90146638,0.93331298,0.80807719
original_labels,yolo26n,fold1,map_best.pt,original_labels/yolo26n/fold1/weights/map_best.pt,bc8c34247084250042308c09b21698fbee974f4fb381f00d541aa2acb17fc216,15,A12_TU-22,38,129,0.97643474,0.96362551,0.02356526,0.96998784,0.97821721,0.85873054
original_labels,yolo26n,fold1,map_best.pt,original_labels/yolo26n/fold1/weights/map_best.pt,bc8c34247084250042308c09b21698fbee974f4fb381f00d541aa2acb17fc216,16,A13_F-15,42,234,0.94490890,0.95287560,0.05509110,0.94887553,0.98435939,0.78592528
original_labels,yolo26n,fold1,map_best.pt,original_labels/yolo26n/fold1/weights/map_best.pt,bc8c34247084250042308c09b21698fbee974f4fb381f00d541aa2acb17fc216,17,A14_KC-135,72,289,0.89620038,0.97231834,0.10379962,0.93270895,0.98614195,0.81726647
original_labels,yolo26n,fold1,map_best.pt,original_labels/yolo26n/fold1/weights/map_best.pt,bc8c34247084250042308c09b21698fbee974f4fb381f00d541aa2acb17fc216,18,A15_F-22,23,87,0.91937576,0.91751959,0.08062424,0.91844674,0.96162389,0.71314564
original_labels,yolo26n,fold1,map_best.pt,original_labels/yolo26n/fold1/weights/map_best.pt,bc8c34247084250042308c09b21698fbee974f4fb381f00d541aa2acb17fc216,19,A16_FA-18,48,463,0.98063217,0.98704104,0.01936783,0.98382617,0.99143893,0.82793740
original_labels,yolo26n,fold1,map_best.pt,original_labels/yolo26n/fold1/weights/map_best.pt,bc8c34247084250042308c09b21698fbee974f4fb381f00d541aa2acb17fc216,20,A17_TU-95,60,220,0.96962572,1.00000000,0.03037428,0.98457865,0.99053343,0.88077243
original_labels,yolo26n,fold1,map_best.pt,original_labels/yolo26n/fold1/weights/map_best.pt,bc8c34247084250042308c09b21698fbee974f4fb381f00d541aa2acb17fc216,21,A18_KC-10,16,50,0.98272820,0.96000000,0.01727180,0.97123115,0.99308361,0.81973156
original_labels,yolo26n,fold1,map_best.pt,original_labels/yolo26n/fold1/weights/map_best.pt,bc8c34247084250042308c09b21698fbee974f4fb381f00d541aa2acb17fc216,22,A19_SU-34,56,198,0.89305613,0.94949495,0.10694387,0.92041116,0.97682081,0.81319995
original_labels,yolo26n,fold1,map_best.pt,original_labels/yolo26n/fold1/weights/map_best.pt,bc8c34247084250042308c09b21698fbee974f4fb381f00d541aa2acb17fc216,23,A20_SU-24,40,162,0.96558660,0.90740741,0.03441340,0.93559342,0.93789962,0.75328988
original_labels,yolo26n,fold1,map_best.pt,original_labels/yolo26n/fold1/weights/map_best.pt,bc8c34247084250042308c09b21698fbee974f4fb381f00d541aa2acb17fc216,24,FSC,14,71,0.71863446,0.50367649,0.28136554,0.59225401,0.58885350,0.30163176
original_labels,yolo26n,fold1,precision_fdr_best.pt,original_labels/yolo26n/fold1/weights/precision_fdr_best.pt,10f0b60717e6d3fca6e0872b093442f5e8692b917976228803e26dc4e8ae0d6a,0,HM,3,4,0.80005830,1.00000000,0.19994170,0.88892488,0.99500000,0.94783333
original_labels,yolo26n,fold1,precision_fdr_best.pt,original_labels/yolo26n/fold1/weights/precision_fdr_best.pt,10f0b60717e6d3fca6e0872b093442f5e8692b917976228803e26dc4e8ae0d6a,1,LQS,5,5,1.00000000,0.32668076,0.00000000,0.49247832,0.48336957,0.37160870
original_labels,yolo26n,fold1,precision_fdr_best.pt,original_labels/yolo26n/fold1/weights/precision_fdr_best.pt,10f0b60717e6d3fca6e0872b093442f5e8692b917976228803e26dc4e8ae0d6a,2,QHS,41,93,0.71203867,0.54838710,0.28796133,0.61958876,0.61877372,0.38474259
original_labels,yolo26n,fold1,precision_fdr_best.pt,original_labels/yolo26n/fold1/weights/precision_fdr_best.pt,10f0b60717e6d3fca6e0872b093442f5e8692b917976228803e26dc4e8ae0d6a,3,MS,238,388,0.85548483,0.76030928,0.14451517,0.80509398,0.83912475,0.57411119
original_labels,yolo26n,fold1,precision_fdr_best.pt,original_labels/yolo26n/fold1/weights/precision_fdr_best.pt,10f0b60717e6d3fca6e0872b093442f5e8692b917976228803e26dc4e8ae0d6a,4,A1_SU-35,56,277,0.95810179,0.92418773,0.04189821,0.94083923,0.98124788,0.85296789
original_labels,yolo26n,fold1,precision_fdr_best.pt,original_labels/yolo26n/fold1/weights/precision_fdr_best.pt,10f0b60717e6d3fca6e0872b093442f5e8692b917976228803e26dc4e8ae0d6a,5,A2_C-130,58,311,0.99248215,1.00000000,0.00751785,0.99622689,0.99500000,0.81090396
original_labels,yolo26n,fold1,precision_fdr_best.pt,original_labels/yolo26n/fold1/weights/precision_fdr_best.pt,10f0b60717e6d3fca6e0872b093442f5e8692b917976228803e26dc4e8ae0d6a,6,A3_C-17,52,223,1.00000000,0.99189654,0.00000000,0.99593178,0.99500000,0.84374408
original_labels,yolo26n,fold1,precision_fdr_best.pt,original_labels/yolo26n/fold1/weights/precision_fdr_best.pt,10f0b60717e6d3fca6e0872b093442f5e8692b917976228803e26dc4e8ae0d6a,7,A4_C-5,23,114,0.96518205,1.00000000,0.03481795,0.98228259,0.99500000,0.84607249
original_labels,yolo26n,fold1,precision_fdr_best.pt,original_labels/yolo26n/fold1/weights/precision_fdr_best.pt,10f0b60717e6d3fca6e0872b093442f5e8692b917976228803e26dc4e8ae0d6a,8,A5_F-16,48,187,0.94113321,0.97326203,0.05886679,0.95692802,0.96744892,0.73474941
original_labels,yolo26n,fold1,precision_fdr_best.pt,original_labels/yolo26n/fold1/weights/precision_fdr_best.pt,10f0b60717e6d3fca6e0872b093442f5e8692b917976228803e26dc4e8ae0d6a,9,A6_TU-160,17,79,0.99136171,0.98734177,0.00863829,0.98934766,0.99487500,0.82892637
original_labels,yolo26n,fold1,precision_fdr_best.pt,original_labels/yolo26n/fold1/weights/precision_fdr_best.pt,10f0b60717e6d3fca6e0872b093442f5e8692b917976228803e26dc4e8ae0d6a,10,A7_E-3,31,105,0.97791918,0.97142857,0.02208082,0.97466307,0.98678356,0.82889845
original_labels,yolo26n,fold1,precision_fdr_best.pt,original_labels/yolo26n/fold1/weights/precision_fdr_best.pt,10f0b60717e6d3fca6e0872b093442f5e8692b917976228803e26dc4e8ae0d6a,11,A8_B-52,33,140,0.96926304,1.00000000,0.03073696,0.98439165,0.99413863,0.87473454
original_labels,yolo26n,fold1,precision_fdr_best.pt,original_labels/yolo26n/fold1/weights/precision_fdr_best.pt,10f0b60717e6d3fca6e0872b093442f5e8692b917976228803e26dc4e8ae0d6a,12,A9_P-3C,38,177,0.97511792,1.00000000,0.02488208,0.98740223,0.99488764,0.79550085
original_labels,yolo26n,fold1,precision_fdr_best.pt,original_labels/yolo26n/fold1/weights/precision_fdr_best.pt,10f0b60717e6d3fca6e0872b093442f5e8692b917976228803e26dc4e8ae0d6a,13,A10_B-1B,31,167,1.00000000,0.96396922,0.00000000,0.98165410,0.99317094,0.82590981
original_labels,yolo26n,fold1,precision_fdr_best.pt,original_labels/yolo26n/fold1/weights/precision_fdr_best.pt,10f0b60717e6d3fca6e0872b093442f5e8692b917976228803e26dc4e8ae0d6a,14,A11_E-8,31,97,0.90828008,0.91882404,0.09171992,0.91352164,0.94163632,0.80982129
original_labels,yolo26n,fold1,precision_fdr_best.pt,original_labels/yolo26n/fold1/weights/precision_fdr_best.pt,10f0b60717e6d3fca6e0872b093442f5e8692b917976228803e26dc4e8ae0d6a,15,A12_TU-22,38,129,0.97257490,0.96899225,0.02742510,0.97078027,0.97977183,0.86480053
original_labels,yolo26n,fold1,precision_fdr_best.pt,original_labels/yolo26n/fold1/weights/precision_fdr_best.pt,10f0b60717e6d3fca6e0872b093442f5e8692b917976228803e26dc4e8ae0d6a,16,A13_F-15,42,234,0.95197318,0.96581197,0.04802682,0.95884264,0.98046211,0.78329863
original_labels,yolo26n,fold1,precision_fdr_best.pt,original_labels/yolo26n/fold1/weights/precision_fdr_best.pt,10f0b60717e6d3fca6e0872b093442f5e8692b917976228803e26dc4e8ae0d6a,17,A14_KC-135,72,289,0.94340858,0.96193772,0.05659142,0.95258305,0.98444995,0.81559549
original_labels,yolo26n,fold1,precision_fdr_best.pt,original_labels/yolo26n/fold1/weights/precision_fdr_best.pt,10f0b60717e6d3fca6e0872b093442f5e8692b917976228803e26dc4e8ae0d6a,18,A15_F-22,23,87,0.90308963,0.85693681,0.09691037,0.87940809,0.94165185,0.70537806
original_labels,yolo26n,fold1,precision_fdr_best.pt,original_labels/yolo26n/fold1/weights/precision_fdr_best.pt,10f0b60717e6d3fca6e0872b093442f5e8692b917976228803e26dc4e8ae0d6a,19,A16_FA-18,48,463,0.98910475,0.98037965,0.01089525,0.98472287,0.99244732,0.82625811
original_labels,yolo26n,fold1,precision_fdr_best.pt,original_labels/yolo26n/fold1/weights/precision_fdr_best.pt,10f0b60717e6d3fca6e0872b093442f5e8692b917976228803e26dc4e8ae0d6a,20,A17_TU-95,60,220,0.96621798,1.00000000,0.03378202,0.98281878,0.98744337,0.88166752
original_labels,yolo26n,fold1,precision_fdr_best.pt,original_labels/yolo26n/fold1/weights/precision_fdr_best.pt,10f0b60717e6d3fca6e0872b093442f5e8692b917976228803e26dc4e8ae0d6a,21,A18_KC-10,16,50,1.00000000,0.92805165,0.00000000,0.96268339,0.99343077,0.81275586
original_labels,yolo26n,fold1,precision_fdr_best.pt,original_labels/yolo26n/fold1/weights/precision_fdr_best.pt,10f0b60717e6d3fca6e0872b093442f5e8692b917976228803e26dc4e8ae0d6a,22,A19_SU-34,56,198,0.89650653,0.93434343,0.10349347,0.91503401,0.96456344,0.79507818
original_labels,yolo26n,fold1,precision_fdr_best.pt,original_labels/yolo26n/fold1/weights/precision_fdr_best.pt,10f0b60717e6d3fca6e0872b093442f5e8692b917976228803e26dc4e8ae0d6a,23,A20_SU-24,40,162,0.98357854,0.88888889,0.01642146,0.93383951,0.93869950,0.76203075
original_labels,yolo26n,fold1,precision_fdr_best.pt,original_labels/yolo26n/fold1/weights/precision_fdr_best.pt,10f0b60717e6d3fca6e0872b093442f5e8692b917976228803e26dc4e8ae0d6a,24,FSC,14,71,0.84813899,0.49295775,0.15186101,0.62351458,0.63568886,0.34403847
original_labels,yolo26n,fold1,recall_best.pt,original_labels/yolo26n/fold1/weights/recall_best.pt,f6a5ef614c5db1712fd555ed3dda95163511b1132c407cb88bc4d44f25448f67,0,HM,3,4,0.56616346,1.00000000,0.43383654,0.72299408,0.99500000,0.90100000
original_labels,yolo26n,fold1,recall_best.pt,original_labels/yolo26n/fold1/weights/recall_best.pt,f6a5ef614c5db1712fd555ed3dda95163511b1132c407cb88bc4d44f25448f67,1,LQS,5,5,0.59070596,0.60000000,0.40929404,0.59531671,0.44638889,0.35297222
original_labels,yolo26n,fold1,recall_best.pt,original_labels/yolo26n/fold1/weights/recall_best.pt,f6a5ef614c5db1712fd555ed3dda95163511b1132c407cb88bc4d44f25448f67,2,QHS,41,93,0.53421960,0.59139785,0.46578040,0.56135648,0.59980003,0.37351191
original_labels,yolo26n,fold1,recall_best.pt,original_labels/yolo26n/fold1/weights/recall_best.pt,f6a5ef614c5db1712fd555ed3dda95163511b1132c407cb88bc4d44f25448f67,3,MS,238,388,0.74940595,0.80928960,0.25059405,0.77819743,0.83343112,0.56547398
original_labels,yolo26n,fold1,recall_best.pt,original_labels/yolo26n/fold1/weights/recall_best.pt,f6a5ef614c5db1712fd555ed3dda95163511b1132c407cb88bc4d44f25448f67,4,A1_SU-35,56,277,0.92827884,0.94945848,0.07172116,0.93874922,0.98193788,0.85083428
original_labels,yolo26n,fold1,recall_best.pt,original_labels/yolo26n/fold1/weights/recall_best.pt,f6a5ef614c5db1712fd555ed3dda95163511b1132c407cb88bc4d44f25448f67,5,A2_C-130,58,311,0.97644863,1.00000000,0.02355137,0.98808400,0.99500000,0.81369159
original_labels,yolo26n,fold1,recall_best.pt,original_labels/yolo26n/fold1/weights/recall_best.pt,f6a5ef614c5db1712fd555ed3dda95163511b1132c407cb88bc4d44f25448f67,6,A3_C-17,52,223,0.99019727,1.00000000,0.00980273,0.99507449,0.99500000,0.85041715
original_labels,yolo26n,fold1,recall_best.pt,original_labels/yolo26n/fold1/weights/recall_best.pt,f6a5ef614c5db1712fd555ed3dda95163511b1132c407cb88bc4d44f25448f67,7,A4_C-5,23,114,0.91847045,1.00000000,0.08152955,0.95750284,0.99491304,0.84906651
original_labels,yolo26n,fold1,recall_best.pt,original_labels/yolo26n/fold1/weights/recall_best.pt,f6a5ef614c5db1712fd555ed3dda95163511b1132c407cb88bc4d44f25448f67,8,A5_F-16,48,187,0.90020851,0.98930481,0.09979149,0.94265608,0.96559906,0.72215655
original_labels,yolo26n,fold1,recall_best.pt,original_labels/yolo26n/fold1/weights/recall_best.pt,f6a5ef614c5db1712fd555ed3dda95163511b1132c407cb88bc4d44f25448f67,9,A6_TU-160,17,79,0.97988028,1.00000000,0.02011972,0.98983791,0.99500000,0.83278725
original_labels,yolo26n,fold1,recall_best.pt,original_labels/yolo26n/fold1/weights/recall_best.pt,f6a5ef614c5db1712fd555ed3dda95163511b1132c407cb88bc4d44f25448f67,10,A7_E-3,31,105,0.94334123,0.98095238,0.05665877,0.96177924,0.98675879,0.83853554
original_labels,yolo26n,fold1,recall_best.pt,original_labels/yolo26n/fold1/weights/recall_best.pt,f6a5ef614c5db1712fd555ed3dda95163511b1132c407cb88bc4d44f25448f67,11,A8_B-52,33,140,0.96570895,1.00000000,0.03429105,0.98255538,0.99500000,0.87041726
original_labels,yolo26n,fold1,recall_best.pt,original_labels/yolo26n/fold1/weights/recall_best.pt,f6a5ef614c5db1712fd555ed3dda95163511b1132c407cb88bc4d44f25448f67,12,A9_P-3C,38,177,0.97390111,1.00000000,0.02609889,0.98677801,0.99494350,0.80634091
original_labels,yolo26n,fold1,recall_best.pt,original_labels/yolo26n/fold1/weights/recall_best.pt,f6a5ef614c5db1712fd555ed3dda95163511b1132c407cb88bc4d44f25448f67,13,A10_B-1B,31,167,0.98823688,0.97005988,0.01176312,0.97906402,0.99383435,0.82127001
original_labels,yolo26n,fold1,recall_best.pt,original_labels/yolo26n/fold1/weights/recall_best.pt,f6a5ef614c5db1712fd555ed3dda95163511b1132c407cb88bc4d44f25448f67,14,A11_E-8,31,97,0.89216573,0.93823165,0.10783427,0.91461902,0.93385589,0.80398245
original_labels,yolo26n,fold1,recall_best.pt,original_labels/yolo26n/fold1/weights/recall_best.pt,f6a5ef614c5db1712fd555ed3dda95163511b1132c407cb88bc4d44f25448f67,15,A12_TU-22,38,129,0.96878544,0.96124031,0.03121456,0.96499812,0.97713591,0.85929994
original_labels,yolo26n,fold1,recall_best.pt,original_labels/yolo26n/fold1/weights/recall_best.pt,f6a5ef614c5db1712fd555ed3dda95163511b1132c407cb88bc4d44f25448f67,16,A13_F-15,42,234,0.94283783,0.97008547,0.05716217,0.95626759,0.98420960,0.78705609
original_labels,yolo26n,fold1,recall_best.pt,original_labels/yolo26n/fold1/weights/recall_best.pt,f6a5ef614c5db1712fd555ed3dda95163511b1132c407cb88bc4d44f25448f67,17,A14_KC-135,72,289,0.88267446,0.97231834,0.11732554,0.92533035,0.98535799,0.81963831
original_labels,yolo26n,fold1,recall_best.pt,original_labels/yolo26n/fold1/weights/recall_best.pt,f6a5ef614c5db1712fd555ed3dda95163511b1132c407cb88bc4d44f25448f67,18,A15_F-22,23,87,0.89387839,0.93103448,0.10612161,0.91207818,0.94952980,0.68815779
original_labels,yolo26n,fold1,recall_best.pt,original_labels/yolo26n/fold1/weights/recall_best.pt,f6a5ef614c5db1712fd555ed3dda95163511b1132c407cb88bc4d44f25448f67,19,A16_FA-18,48,463,0.97562769,0.98488121,0.02437231,0.98023261,0.99280239,0.83099645
original_labels,yolo26n,fold1,recall_best.pt,original_labels/yolo26n/fold1/weights/recall_best.pt,f6a5ef614c5db1712fd555ed3dda95163511b1132c407cb88bc4d44f25448f67,20,A17_TU-95,60,220,0.96514512,1.00000000,0.03485488,0.98226346,0.98878025,0.87851043
original_labels,yolo26n,fold1,recall_best.pt,original_labels/yolo26n/fold1/weights/recall_best.pt,f6a5ef614c5db1712fd555ed3dda95163511b1132c407cb88bc4d44f25448f67,21,A18_KC-10,16,50,0.98036200,0.99846175,0.01963800,0.98932910,0.99382353,0.82011170
original_labels,yolo26n,fold1,recall_best.pt,original_labels/yolo26n/fold1/weights/recall_best.pt,f6a5ef614c5db1712fd555ed3dda95163511b1132c407cb88bc4d44f25448f67,22,A19_SU-34,56,198,0.87344617,0.95959596,0.12655383,0.91449662,0.96400186,0.80442568
original_labels,yolo26n,fold1,recall_best.pt,original_labels/yolo26n/fold1/weights/recall_best.pt,f6a5ef614c5db1712fd555ed3dda95163511b1132c407cb88bc4d44f25448f67,23,A20_SU-24,40,162,0.96862095,0.89506173,0.03137905,0.93038965,0.93752875,0.75284047
original_labels,yolo26n,fold1,recall_best.pt,original_labels/yolo26n/fold1/weights/recall_best.pt,f6a5ef614c5db1712fd555ed3dda95163511b1132c407cb88bc4d44f25448f67,24,FSC,14,71,0.66398120,0.54929577,0.33601880,0.60121815,0.56702719,0.29183856
original_labels,yolo26n,fold2,map_best.pt,original_labels/yolo26n/fold2/weights/map_best.pt,5393ff78cc5ba06370fdfd1eac2dfd565955c113c6391b5ac5fb017812dadf85,0,HM,3,3,0.52465506,1.00000000,0.47534494,0.68822788,0.99500000,0.85213509
original_labels,yolo26n,fold2,map_best.pt,original_labels/yolo26n/fold2/weights/map_best.pt,5393ff78cc5ba06370fdfd1eac2dfd565955c113c6391b5ac5fb017812dadf85,1,LQS,5,8,1.00000000,0.27752395,0.00000000,0.43447163,0.60708333,0.49809341
original_labels,yolo26n,fold2,map_best.pt,original_labels/yolo26n/fold2/weights/map_best.pt,5393ff78cc5ba06370fdfd1eac2dfd565955c113c6391b5ac5fb017812dadf85,2,QHS,40,133,0.61452331,0.83458647,0.38547669,0.70784539,0.80412797,0.54486834
original_labels,yolo26n,fold2,map_best.pt,original_labels/yolo26n/fold2/weights/map_best.pt,5393ff78cc5ba06370fdfd1eac2dfd565955c113c6391b5ac5fb017812dadf85,3,MS,237,434,0.83418018,0.81139458,0.16581982,0.82262963,0.86507776,0.55238169
original_labels,yolo26n,fold2,map_best.pt,original_labels/yolo26n/fold2/weights/map_best.pt,5393ff78cc5ba06370fdfd1eac2dfd565955c113c6391b5ac5fb017812dadf85,4,A1_SU-35,55,267,0.94077942,0.95197329,0.05922058,0.94634325,0.97566981,0.84003653
original_labels,yolo26n,fold2,map_best.pt,original_labels/yolo26n/fold2/weights/map_best.pt,5393ff78cc5ba06370fdfd1eac2dfd565955c113c6391b5ac5fb017812dadf85,5,A2_C-130,57,340,0.96997069,0.99705882,0.03002931,0.98332824,0.99443425,0.78700380
original_labels,yolo26n,fold2,map_best.pt,original_labels/yolo26n/fold2/weights/map_best.pt,5393ff78cc5ba06370fdfd1eac2dfd565955c113c6391b5ac5fb017812dadf85,6,A3_C-17,51,239,0.96160194,0.99581590,0.03839806,0.97840991,0.99373576,0.78422631
original_labels,yolo26n,fold2,map_best.pt,original_labels/yolo26n/fold2/weights/map_best.pt,5393ff78cc5ba06370fdfd1eac2dfd565955c113c6391b5ac5fb017812dadf85,7,A4_C-5,23,123,0.98909574,0.99186992,0.01090426,0.99048089,0.99402439,0.86859590
original_labels,yolo26n,fold2,map_best.pt,original_labels/yolo26n/fold2/weights/map_best.pt,5393ff78cc5ba06370fdfd1eac2dfd565955c113c6391b5ac5fb017812dadf85,8,A5_F-16,48,178,0.97997750,0.95505618,0.02002250,0.96735636,0.97346806,0.73004922
original_labels,yolo26n,fold2,map_best.pt,original_labels/yolo26n/fold2/weights/map_best.pt,5393ff78cc5ba06370fdfd1eac2dfd565955c113c6391b5ac5fb017812dadf85,9,A6_TU-160,17,84,0.93658258,1.00000000,0.06341742,0.96725292,0.98803930,0.80456872
original_labels,yolo26n,fold2,map_best.pt,original_labels/yolo26n/fold2/weights/map_best.pt,5393ff78cc5ba06370fdfd1eac2dfd565955c113c6391b5ac5fb017812dadf85,10,A7_E-3,31,98,0.94273658,0.97959184,0.05726342,0.96081091,0.98558204,0.79768587
original_labels,yolo26n,fold2,map_best.pt,original_labels/yolo26n/fold2/weights/map_best.pt,5393ff78cc5ba06370fdfd1eac2dfd565955c113c6391b5ac5fb017812dadf85,11,A8_B-52,33,149,0.98304788,0.97986577,0.01695212,0.98145425,0.99420942,0.85749642
original_labels,yolo26n,fold2,map_best.pt,original_labels/yolo26n/fold2/weights/map_best.pt,5393ff78cc5ba06370fdfd1eac2dfd565955c113c6391b5ac5fb017812dadf85,12,A9_P-3C,37,200,0.97084302,0.99500000,0.02915698,0.98277309,0.99383269,0.80844430
original_labels,yolo26n,fold2,map_best.pt,original_labels/yolo26n/fold2/weights/map_best.pt,5393ff78cc5ba06370fdfd1eac2dfd565955c113c6391b5ac5fb017812dadf85,13,A10_B-1B,31,136,0.98549945,0.99264706,0.01450055,0.98906034,0.99500000,0.83504289
original_labels,yolo26n,fold2,map_best.pt,original_labels/yolo26n/fold2/weights/map_best.pt,5393ff78cc5ba06370fdfd1eac2dfd565955c113c6391b5ac5fb017812dadf85,14,A11_E-8,31,110,0.94465761,0.95454545,0.05534239,0.94957579,0.97893701,0.84045216
original_labels,yolo26n,fold2,map_best.pt,original_labels/yolo26n/fold2/weights/map_best.pt,5393ff78cc5ba06370fdfd1eac2dfd565955c113c6391b5ac5fb017812dadf85,15,A12_TU-22,37,108,0.99240830,1.00000000,0.00759170,0.99618969,0.99500000,0.87570086
original_labels,yolo26n,fold2,map_best.pt,original_labels/yolo26n/fold2/weights/map_best.pt,5393ff78cc5ba06370fdfd1eac2dfd565955c113c6391b5ac5fb017812dadf85,16,A13_F-15,42,276,0.91480832,0.99275362,0.08519168,0.95218850,0.97967110,0.76546635
original_labels,yolo26n,fold2,map_best.pt,original_labels/yolo26n/fold2/weights/map_best.pt,5393ff78cc5ba06370fdfd1eac2dfd565955c113c6391b5ac5fb017812dadf85,17,A14_KC-135,71,344,0.94534613,0.99418605,0.05465387,0.96915116,0.98511061,0.79561003
original_labels,yolo26n,fold2,map_best.pt,original_labels/yolo26n/fold2/weights/map_best.pt,5393ff78cc5ba06370fdfd1eac2dfd565955c113c6391b5ac5fb017812dadf85,18,A15_F-22,22,98,0.93401554,0.94897959,0.06598446,0.94143811,0.98129295,0.71059080
original_labels,yolo26n,fold2,map_best.pt,original_labels/yolo26n/fold2/weights/map_best.pt,5393ff78cc5ba06370fdfd1eac2dfd565955c113c6391b5ac5fb017812dadf85,19,A16_FA-18,48,454,0.99140496,1.00000000,0.00859504,0.99568393,0.99500000,0.84203587
original_labels,yolo26n,fold2,map_best.pt,original_labels/yolo26n/fold2/weights/map_best.pt,5393ff78cc5ba06370fdfd1eac2dfd565955c113c6391b5ac5fb017812dadf85,20,A17_TU-95,59,212,0.96263765,0.99056604,0.03736235,0.97640217,0.99444268,0.87813180
original_labels,yolo26n,fold2,map_best.pt,original_labels/yolo26n/fold2/weights/map_best.pt,5393ff78cc5ba06370fdfd1eac2dfd565955c113c6391b5ac5fb017812dadf85,21,A18_KC-10,17,63,1.00000000,0.99445086,0.00000000,0.99721771,0.99500000,0.87451396
original_labels,yolo26n,fold2,map_best.pt,original_labels/yolo26n/fold2/weights/map_best.pt,5393ff78cc5ba06370fdfd1eac2dfd565955c113c6391b5ac5fb017812dadf85,22,A19_SU-34,56,213,0.92245878,0.95305164,0.07754122,0.93750570,0.97430488,0.77915286
original_labels,yolo26n,fold2,map_best.pt,original_labels/yolo26n/fold2/weights/map_best.pt,5393ff78cc5ba06370fdfd1eac2dfd565955c113c6391b5ac5fb017812dadf85,23,A20_SU-24,40,158,0.96838559,0.96934538,0.03161441,0.96886525,0.99254866,0.78769138
original_labels,yolo26n,fold2,map_best.pt,original_labels/yolo26n/fold2/weights/map_best.pt,5393ff78cc5ba06370fdfd1eac2dfd565955c113c6391b5ac5fb017812dadf85,24,FSC,13,60,0.58151895,0.71666667,0.41848105,0.64205803,0.64029213,0.35331558
original_labels,yolo26n,fold2,precision_fdr_best.pt,original_labels/yolo26n/fold2/weights/precision_fdr_best.pt,97a17a697cd13ec7979729090d22516b2663e527f46b2da7250c2eb5b61fdf8f,0,HM,3,3,0.63391574,1.00000000,0.36608426,0.77594667,0.99500000,0.84768300
original_labels,yolo26n,fold2,precision_fdr_best.pt,original_labels/yolo26n/fold2/weights/precision_fdr_best.pt,97a17a697cd13ec7979729090d22516b2663e527f46b2da7250c2eb5b61fdf8f,1,LQS,5,8,1.00000000,0.00000000,0.00000000,0.00000000,0.22643307,0.18631040
original_labels,yolo26n,fold2,precision_fdr_best.pt,original_labels/yolo26n/fold2/weights/precision_fdr_best.pt,97a17a697cd13ec7979729090d22516b2663e527f46b2da7250c2eb5b61fdf8f,2,QHS,40,133,0.80405333,0.77443609,0.19594667,0.78896686,0.82492310,0.55415982
original_labels,yolo26n,fold2,precision_fdr_best.pt,original_labels/yolo26n/fold2/weights/precision_fdr_best.pt,97a17a697cd13ec7979729090d22516b2663e527f46b2da7250c2eb5b61fdf8f,3,MS,237,434,0.92206618,0.77649770,0.07793382,0.84304426,0.88357274,0.56059077
original_labels,yolo26n,fold2,precision_fdr_best.pt,original_labels/yolo26n/fold2/weights/precision_fdr_best.pt,97a17a697cd13ec7979729090d22516b2663e527f46b2da7250c2eb5b61fdf8f,4,A1_SU-35,55,267,0.96494463,0.92785562,0.03505537,0.94603675,0.97207008,0.83247275
original_labels,yolo26n,fold2,precision_fdr_best.pt,original_labels/yolo26n/fold2/weights/precision_fdr_best.pt,97a17a697cd13ec7979729090d22516b2663e527f46b2da7250c2eb5b61fdf8f,5,A2_C-130,57,340,0.98662414,0.98529412,0.01337586,0.98595868,0.99479522,0.79488927
original_labels,yolo26n,fold2,precision_fdr_best.pt,original_labels/yolo26n/fold2/weights/precision_fdr_best.pt,97a17a697cd13ec7979729090d22516b2663e527f46b2da7250c2eb5b61fdf8f,6,A3_C-17,51,239,0.98334160,0.98794764,0.01665840,0.98563924,0.99427804,0.79262278
original_labels,yolo26n,fold2,precision_fdr_best.pt,original_labels/yolo26n/fold2/weights/precision_fdr_best.pt,97a17a697cd13ec7979729090d22516b2663e527f46b2da7250c2eb5b61fdf8f,7,A4_C-5,23,123,0.98665105,1.00000000,0.01334895,0.99328068,0.99491935,0.87816383
original_labels,yolo26n,fold2,precision_fdr_best.pt,original_labels/yolo26n/fold2/weights/precision_fdr_best.pt,97a17a697cd13ec7979729090d22516b2663e527f46b2da7250c2eb5b61fdf8f,8,A5_F-16,48,178,0.99410070,0.94670249,0.00589930,0.96982282,0.97438522,0.73168090
original_labels,yolo26n,fold2,precision_fdr_best.pt,original_labels/yolo26n/fold2/weights/precision_fdr_best.pt,97a17a697cd13ec7979729090d22516b2663e527f46b2da7250c2eb5b61fdf8f,9,A6_TU-160,17,84,0.96536246,0.99540440,0.03463754,0.98015329,0.98632184,0.80845210
original_labels,yolo26n,fold2,precision_fdr_best.pt,original_labels/yolo26n/fold2/weights/precision_fdr_best.pt,97a17a697cd13ec7979729090d22516b2663e527f46b2da7250c2eb5b61fdf8f,10,A7_E-3,31,98,0.96906707,0.95902226,0.03093293,0.96401850,0.98938775,0.81723464
original_labels,yolo26n,fold2,precision_fdr_best.pt,original_labels/yolo26n/fold2/weights/precision_fdr_best.pt,97a17a697cd13ec7979729090d22516b2663e527f46b2da7250c2eb5b61fdf8f,11,A8_B-52,33,149,0.99636581,1.00000000,0.00363419,0.99817960,0.99500000,0.86735574
original_labels,yolo26n,fold2,precision_fdr_best.pt,original_labels/yolo26n/fold2/weights/precision_fdr_best.pt,97a17a697cd13ec7979729090d22516b2663e527f46b2da7250c2eb5b61fdf8f,12,A9_P-3C,37,200,0.98495048,0.98171485,0.01504952,0.98333000,0.99409813,0.80024633
original_labels,yolo26n,fold2,precision_fdr_best.pt,original_labels/yolo26n/fold2/weights/precision_fdr_best.pt,97a17a697cd13ec7979729090d22516b2663e527f46b2da7250c2eb5b61fdf8f,13,A10_B-1B,31,136,0.99675217,0.99264706,0.00324783,0.99469538,0.99500000,0.83716198
original_labels,yolo26n,fold2,precision_fdr_best.pt,original_labels/yolo26n/fold2/weights/precision_fdr_best.pt,97a17a697cd13ec7979729090d22516b2663e527f46b2da7250c2eb5b61fdf8f,14,A11_E-8,31,110,0.98119072,0.94847802,0.01880928,0.96455709,0.98713692,0.83720666
original_labels,yolo26n,fold2,precision_fdr_best.pt,original_labels/yolo26n/fold2/weights/precision_fdr_best.pt,97a17a697cd13ec7979729090d22516b2663e527f46b2da7250c2eb5b61fdf8f,15,A12_TU-22,37,108,1.00000000,0.99511134,0.00000000,0.99754968,0.99500000,0.87278452
original_labels,yolo26n,fold2,precision_fdr_best.pt,original_labels/yolo26n/fold2/weights/precision_fdr_best.pt,97a17a697cd13ec7979729090d22516b2663e527f46b2da7250c2eb5b61fdf8f,16,A13_F-15,42,276,0.94642975,0.99637681,0.05357025,0.97076124,0.98038083,0.76966796
original_labels,yolo26n,fold2,precision_fdr_best.pt,original_labels/yolo26n/fold2/weights/precision_fdr_best.pt,97a17a697cd13ec7979729090d22516b2663e527f46b2da7250c2eb5b61fdf8f,17,A14_KC-135,71,344,0.97840229,0.97965116,0.02159771,0.97902633,0.99249194,0.81125406
original_labels,yolo26n,fold2,precision_fdr_best.pt,original_labels/yolo26n/fold2/weights/precision_fdr_best.pt,97a17a697cd13ec7979729090d22516b2663e527f46b2da7250c2eb5b61fdf8f,18,A15_F-22,22,98,0.97861286,0.93384482,0.02138714,0.95570486,0.96142513,0.67421382
original_labels,yolo26n,fold2,precision_fdr_best.pt,original_labels/yolo26n/fold2/weights/precision_fdr_best.pt,97a17a697cd13ec7979729090d22516b2663e527f46b2da7250c2eb5b61fdf8f,19,A16_FA-18,48,454,0.99779465,0.99656954,0.00220535,0.99718172,0.99500000,0.83817496
original_labels,yolo26n,fold2,precision_fdr_best.pt,original_labels/yolo26n/fold2/weights/precision_fdr_best.pt,97a17a697cd13ec7979729090d22516b2663e527f46b2da7250c2eb5b61fdf8f,20,A17_TU-95,59,212,0.98799286,0.98584906,0.01200714,0.98691979,0.99476437,0.88394433
original_labels,yolo26n,fold2,precision_fdr_best.pt,original_labels/yolo26n/fold2/weights/precision_fdr_best.pt,97a17a697cd13ec7979729090d22516b2663e527f46b2da7250c2eb5b61fdf8f,21,A18_KC-10,17,63,0.99240297,0.98412698,0.00759703,0.98824765,0.99413043,0.87733298
original_labels,yolo26n,fold2,precision_fdr_best.pt,original_labels/yolo26n/fold2/weights/precision_fdr_best.pt,97a17a697cd13ec7979729090d22516b2663e527f46b2da7250c2eb5b61fdf8f,22,A19_SU-34,56,213,0.94984043,0.92488263,0.05015957,0.93719540,0.97477846,0.78179074
original_labels,yolo26n,fold2,precision_fdr_best.pt,original_labels/yolo26n/fold2/weights/precision_fdr_best.pt,97a17a697cd13ec7979729090d22516b2663e527f46b2da7250c2eb5b61fdf8f,23,A20_SU-24,40,158,0.99308611,0.90910152,0.00691389,0.94923979,0.99052937,0.79620120
original_labels,yolo26n,fold2,precision_fdr_best.pt,original_labels/yolo26n/fold2/weights/precision_fdr_best.pt,97a17a697cd13ec7979729090d22516b2663e527f46b2da7250c2eb5b61fdf8f,24,FSC,13,60,0.73611777,0.58333333,0.26388223,0.65087979,0.65530630,0.35322661
original_labels,yolo26n,fold2,recall_best.pt,original_labels/yolo26n/fold2/weights/recall_best.pt,e33b20169fb8d19831114e4c31a52183d48b0edf600ba005375bfa329f3f3244,0,HM,3,3,0.52465506,1.00000000,0.47534494,0.68822788,0.99500000,0.85213509
original_labels,yolo26n,fold2,recall_best.pt,original_labels/yolo26n/fold2/weights/recall_best.pt,e33b20169fb8d19831114e4c31a52183d48b0edf600ba005375bfa329f3f3244,1,LQS,5,8,1.00000000,0.27752395,0.00000000,0.43447163,0.60708333,0.49809341
original_labels,yolo26n,fold2,recall_best.pt,original_labels/yolo26n/fold2/weights/recall_best.pt,e33b20169fb8d19831114e4c31a52183d48b0edf600ba005375bfa329f3f3244,2,QHS,40,133,0.61452331,0.83458647,0.38547669,0.70784539,0.80412797,0.54486834
original_labels,yolo26n,fold2,recall_best.pt,original_labels/yolo26n/fold2/weights/recall_best.pt,e33b20169fb8d19831114e4c31a52183d48b0edf600ba005375bfa329f3f3244,3,MS,237,434,0.83418018,0.81139458,0.16581982,0.82262963,0.86507776,0.55238169
original_labels,yolo26n,fold2,recall_best.pt,original_labels/yolo26n/fold2/weights/recall_best.pt,e33b20169fb8d19831114e4c31a52183d48b0edf600ba005375bfa329f3f3244,4,A1_SU-35,55,267,0.94077942,0.95197329,0.05922058,0.94634325,0.97566981,0.84003653
original_labels,yolo26n,fold2,recall_best.pt,original_labels/yolo26n/fold2/weights/recall_best.pt,e33b20169fb8d19831114e4c31a52183d48b0edf600ba005375bfa329f3f3244,5,A2_C-130,57,340,0.96997069,0.99705882,0.03002931,0.98332824,0.99443425,0.78700380
original_labels,yolo26n,fold2,recall_best.pt,original_labels/yolo26n/fold2/weights/recall_best.pt,e33b20169fb8d19831114e4c31a52183d48b0edf600ba005375bfa329f3f3244,6,A3_C-17,51,239,0.96160194,0.99581590,0.03839806,0.97840991,0.99373576,0.78422631
original_labels,yolo26n,fold2,recall_best.pt,original_labels/yolo26n/fold2/weights/recall_best.pt,e33b20169fb8d19831114e4c31a52183d48b0edf600ba005375bfa329f3f3244,7,A4_C-5,23,123,0.98909574,0.99186992,0.01090426,0.99048089,0.99402439,0.86859590
original_labels,yolo26n,fold2,recall_best.pt,original_labels/yolo26n/fold2/weights/recall_best.pt,e33b20169fb8d19831114e4c31a52183d48b0edf600ba005375bfa329f3f3244,8,A5_F-16,48,178,0.97997750,0.95505618,0.02002250,0.96735636,0.97346806,0.73004922
original_labels,yolo26n,fold2,recall_best.pt,original_labels/yolo26n/fold2/weights/recall_best.pt,e33b20169fb8d19831114e4c31a52183d48b0edf600ba005375bfa329f3f3244,9,A6_TU-160,17,84,0.93658258,1.00000000,0.06341742,0.96725292,0.98803930,0.80456872
original_labels,yolo26n,fold2,recall_best.pt,original_labels/yolo26n/fold2/weights/recall_best.pt,e33b20169fb8d19831114e4c31a52183d48b0edf600ba005375bfa329f3f3244,10,A7_E-3,31,98,0.94273658,0.97959184,0.05726342,0.96081091,0.98558204,0.79768587
original_labels,yolo26n,fold2,recall_best.pt,original_labels/yolo26n/fold2/weights/recall_best.pt,e33b20169fb8d19831114e4c31a52183d48b0edf600ba005375bfa329f3f3244,11,A8_B-52,33,149,0.98304788,0.97986577,0.01695212,0.98145425,0.99420942,0.85749642
original_labels,yolo26n,fold2,recall_best.pt,original_labels/yolo26n/fold2/weights/recall_best.pt,e33b20169fb8d19831114e4c31a52183d48b0edf600ba005375bfa329f3f3244,12,A9_P-3C,37,200,0.97084302,0.99500000,0.02915698,0.98277309,0.99383269,0.80844430
original_labels,yolo26n,fold2,recall_best.pt,original_labels/yolo26n/fold2/weights/recall_best.pt,e33b20169fb8d19831114e4c31a52183d48b0edf600ba005375bfa329f3f3244,13,A10_B-1B,31,136,0.98549945,0.99264706,0.01450055,0.98906034,0.99500000,0.83504289
original_labels,yolo26n,fold2,recall_best.pt,original_labels/yolo26n/fold2/weights/recall_best.pt,e33b20169fb8d19831114e4c31a52183d48b0edf600ba005375bfa329f3f3244,14,A11_E-8,31,110,0.94465761,0.95454545,0.05534239,0.94957579,0.97893701,0.84045216
original_labels,yolo26n,fold2,recall_best.pt,original_labels/yolo26n/fold2/weights/recall_best.pt,e33b20169fb8d19831114e4c31a52183d48b0edf600ba005375bfa329f3f3244,15,A12_TU-22,37,108,0.99240830,1.00000000,0.00759170,0.99618969,0.99500000,0.87570086
original_labels,yolo26n,fold2,recall_best.pt,original_labels/yolo26n/fold2/weights/recall_best.pt,e33b20169fb8d19831114e4c31a52183d48b0edf600ba005375bfa329f3f3244,16,A13_F-15,42,276,0.91480832,0.99275362,0.08519168,0.95218850,0.97967110,0.76546635
original_labels,yolo26n,fold2,recall_best.pt,original_labels/yolo26n/fold2/weights/recall_best.pt,e33b20169fb8d19831114e4c31a52183d48b0edf600ba005375bfa329f3f3244,17,A14_KC-135,71,344,0.94534613,0.99418605,0.05465387,0.96915116,0.98511061,0.79561003
original_labels,yolo26n,fold2,recall_best.pt,original_labels/yolo26n/fold2/weights/recall_best.pt,e33b20169fb8d19831114e4c31a52183d48b0edf600ba005375bfa329f3f3244,18,A15_F-22,22,98,0.93401554,0.94897959,0.06598446,0.94143811,0.98129295,0.71059080
original_labels,yolo26n,fold2,recall_best.pt,original_labels/yolo26n/fold2/weights/recall_best.pt,e33b20169fb8d19831114e4c31a52183d48b0edf600ba005375bfa329f3f3244,19,A16_FA-18,48,454,0.99140496,1.00000000,0.00859504,0.99568393,0.99500000,0.84203587
original_labels,yolo26n,fold2,recall_best.pt,original_labels/yolo26n/fold2/weights/recall_best.pt,e33b20169fb8d19831114e4c31a52183d48b0edf600ba005375bfa329f3f3244,20,A17_TU-95,59,212,0.96263765,0.99056604,0.03736235,0.97640217,0.99444268,0.87813180
original_labels,yolo26n,fold2,recall_best.pt,original_labels/yolo26n/fold2/weights/recall_best.pt,e33b20169fb8d19831114e4c31a52183d48b0edf600ba005375bfa329f3f3244,21,A18_KC-10,17,63,1.00000000,0.99445086,0.00000000,0.99721771,0.99500000,0.87451396
original_labels,yolo26n,fold2,recall_best.pt,original_labels/yolo26n/fold2/weights/recall_best.pt,e33b20169fb8d19831114e4c31a52183d48b0edf600ba005375bfa329f3f3244,22,A19_SU-34,56,213,0.92245878,0.95305164,0.07754122,0.93750570,0.97430488,0.77915286
original_labels,yolo26n,fold2,recall_best.pt,original_labels/yolo26n/fold2/weights/recall_best.pt,e33b20169fb8d19831114e4c31a52183d48b0edf600ba005375bfa329f3f3244,23,A20_SU-24,40,158,0.96838559,0.96934538,0.03161441,0.96886525,0.99254866,0.78769138
original_labels,yolo26n,fold2,recall_best.pt,original_labels/yolo26n/fold2/weights/recall_best.pt,e33b20169fb8d19831114e4c31a52183d48b0edf600ba005375bfa329f3f3244,24,FSC,13,60,0.58151895,0.71666667,0.41848105,0.64205803,0.64029213,0.35331558
original_labels,yolo26n,fold3,map_best.pt,original_labels/yolo26n/fold3/weights/map_best.pt,eed1c6de9717d7854c417493bb57da97007e52e7cf83d4a635074340321fefae,0,HM,3,3,1.00000000,0.55894484,0.00000000,0.71708097,0.91250000,0.62741109
original_labels,yolo26n,fold3,map_best.pt,original_labels/yolo26n/fold3/weights/map_best.pt,eed1c6de9717d7854c417493bb57da97007e52e7cf83d4a635074340321fefae,1,LQS,5,5,0.59681658,0.59363316,0.40318342,0.59522061,0.62765823,0.54498182
original_labels,yolo26n,fold3,map_best.pt,original_labels/yolo26n/fold3/weights/map_best.pt,eed1c6de9717d7854c417493bb57da97007e52e7cf83d4a635074340321fefae,2,QHS,41,177,0.65461239,0.75141243,0.34538761,0.69968023,0.74381352,0.51191594
original_labels,yolo26n,fold3,map_best.pt,original_labels/yolo26n/fold3/weights/map_best.pt,eed1c6de9717d7854c417493bb57da97007e52e7cf83d4a635074340321fefae,3,MS,238,377,0.73128674,0.81167109,0.26871326,0.76938500,0.83161321,0.56565494
original_labels,yolo26n,fold3,map_best.pt,original_labels/yolo26n/fold3/weights/map_best.pt,eed1c6de9717d7854c417493bb57da97007e52e7cf83d4a635074340321fefae,4,A1_SU-35,55,241,0.93159547,0.99170124,0.06840453,0.96070916,0.98866818,0.85200997
original_labels,yolo26n,fold3,map_best.pt,original_labels/yolo26n/fold3/weights/map_best.pt,eed1c6de9717d7854c417493bb57da97007e52e7cf83d4a635074340321fefae,5,A2_C-130,58,252,0.98533192,0.99206349,0.01466808,0.98868625,0.99424303,0.82247054
original_labels,yolo26n,fold3,map_best.pt,original_labels/yolo26n/fold3/weights/map_best.pt,eed1c6de9717d7854c417493bb57da97007e52e7cf83d4a635074340321fefae,6,A3_C-17,51,209,0.96524992,1.00000000,0.03475008,0.98231773,0.99213205,0.81613521
original_labels,yolo26n,fold3,map_best.pt,original_labels/yolo26n/fold3/weights/map_best.pt,eed1c6de9717d7854c417493bb57da97007e52e7cf83d4a635074340321fefae,7,A4_C-5,23,84,0.95407093,0.94047619,0.04592907,0.94722478,0.98080777,0.86242113
original_labels,yolo26n,fold3,map_best.pt,original_labels/yolo26n/fold3/weights/map_best.pt,eed1c6de9717d7854c417493bb57da97007e52e7cf83d4a635074340321fefae,8,A5_F-16,48,243,0.95122954,0.90946502,0.04877046,0.92987857,0.98752438,0.76261868
original_labels,yolo26n,fold3,map_best.pt,original_labels/yolo26n/fold3/weights/map_best.pt,eed1c6de9717d7854c417493bb57da97007e52e7cf83d4a635074340321fefae,9,A6_TU-160,17,73,1.00000000,0.97413529,0.00000000,0.98689821,0.99460526,0.82489738
original_labels,yolo26n,fold3,map_best.pt,original_labels/yolo26n/fold3/weights/map_best.pt,eed1c6de9717d7854c417493bb57da97007e52e7cf83d4a635074340321fefae,10,A7_E-3,32,137,0.99263952,0.98439107,0.00736048,0.98849809,0.99382829,0.86281510
original_labels,yolo26n,fold3,map_best.pt,original_labels/yolo26n/fold3/weights/map_best.pt,eed1c6de9717d7854c417493bb57da97007e52e7cf83d4a635074340321fefae,11,A8_B-52,33,170,0.97913287,0.99411765,0.02086713,0.98656836,0.99494118,0.86110510
original_labels,yolo26n,fold3,map_best.pt,original_labels/yolo26n/fold3/weights/map_best.pt,eed1c6de9717d7854c417493bb57da97007e52e7cf83d4a635074340321fefae,12,A9_P-3C,37,193,0.97873675,0.98445596,0.02126325,0.98158802,0.99316217,0.82751885
original_labels,yolo26n,fold3,map_best.pt,original_labels/yolo26n/fold3/weights/map_best.pt,eed1c6de9717d7854c417493bb57da97007e52e7cf83d4a635074340321fefae,13,A10_B-1B,32,155,0.99084303,1.00000000,0.00915697,0.99540046,0.99500000,0.81417803
original_labels,yolo26n,fold3,map_best.pt,original_labels/yolo26n/fold3/weights/map_best.pt,eed1c6de9717d7854c417493bb57da97007e52e7cf83d4a635074340321fefae,14,A11_E-8,31,95,0.95541197,0.90223653,0.04458803,0.92806317,0.94555181,0.80979861
original_labels,yolo26n,fold3,map_best.pt,original_labels/yolo26n/fold3/weights/map_best.pt,eed1c6de9717d7854c417493bb57da97007e52e7cf83d4a635074340321fefae,15,A12_TU-22,38,111,0.95756804,0.99099099,0.04243196,0.97399287,0.99052083,0.84765744
original_labels,yolo26n,fold3,map_best.pt,original_labels/yolo26n/fold3/weights/map_best.pt,eed1c6de9717d7854c417493bb57da97007e52e7cf83d4a635074340321fefae,16,A13_F-15,42,258,0.95281627,0.92248062,0.04718373,0.93740308,0.96175553,0.74333246
original_labels,yolo26n,fold3,map_best.pt,original_labels/yolo26n/fold3/weights/map_best.pt,eed1c6de9717d7854c417493bb57da97007e52e7cf83d4a635074340321fefae,17,A14_KC-135,72,263,0.91626863,0.98479087,0.08373137,0.94929484,0.96391120,0.80496448
original_labels,yolo26n,fold3,map_best.pt,original_labels/yolo26n/fold3/weights/map_best.pt,eed1c6de9717d7854c417493bb57da97007e52e7cf83d4a635074340321fefae,18,A15_F-22,23,115,0.81629331,0.88870308,0.18370669,0.85096060,0.95089929,0.71891957
original_labels,yolo26n,fold3,map_best.pt,original_labels/yolo26n/fold3/weights/map_best.pt,eed1c6de9717d7854c417493bb57da97007e52e7cf83d4a635074340321fefae,19,A16_FA-18,48,396,0.98475026,1.00000000,0.01524974,0.99231654,0.99400983,0.82182592
original_labels,yolo26n,fold3,map_best.pt,original_labels/yolo26n/fold3/weights/map_best.pt,eed1c6de9717d7854c417493bb57da97007e52e7cf83d4a635074340321fefae,20,A17_TU-95,60,233,0.98860177,1.00000000,0.01139823,0.99426822,0.99482906,0.88075931
original_labels,yolo26n,fold3,map_best.pt,original_labels/yolo26n/fold3/weights/map_best.pt,eed1c6de9717d7854c417493bb57da97007e52e7cf83d4a635074340321fefae,21,A18_KC-10,16,52,0.96287026,0.99744875,0.03712974,0.97985453,0.99194815,0.83236962
original_labels,yolo26n,fold3,map_best.pt,original_labels/yolo26n/fold3/weights/map_best.pt,eed1c6de9717d7854c417493bb57da97007e52e7cf83d4a635074340321fefae,22,A19_SU-34,56,145,0.95794168,0.94248709,0.04205832,0.95015155,0.98798032,0.80140989
original_labels,yolo26n,fold3,map_best.pt,original_labels/yolo26n/fold3/weights/map_best.pt,eed1c6de9717d7854c417493bb57da97007e52e7cf83d4a635074340321fefae,23,A20_SU-24,40,134,0.88503459,0.98507463,0.11496541,0.93237883,0.97085925,0.81153508
original_labels,yolo26n,fold3,map_best.pt,original_labels/yolo26n/fold3/weights/map_best.pt,eed1c6de9717d7854c417493bb57da97007e52e7cf83d4a635074340321fefae,24,FSC,13,110,0.57037992,0.41818182,0.42962008,0.48256472,0.44516412,0.24220769
original_labels,yolo26n,fold3,precision_fdr_best.pt,original_labels/yolo26n/fold3/weights/precision_fdr_best.pt,50ab26529f94fc91e78a3bc89bb7bd460d9fda6d42016824a340764456f136cf,0,HM,3,3,0.76094382,0.33333333,0.23905618,0.46358994,0.66500000,0.44239396
original_labels,yolo26n,fold3,precision_fdr_best.pt,original_labels/yolo26n/fold3/weights/precision_fdr_best.pt,50ab26529f94fc91e78a3bc89bb7bd460d9fda6d42016824a340764456f136cf,1,LQS,5,5,1.00000000,0.39731365,0.00000000,0.56868213,0.46907631,0.40215060
original_labels,yolo26n,fold3,precision_fdr_best.pt,original_labels/yolo26n/fold3/weights/precision_fdr_best.pt,50ab26529f94fc91e78a3bc89bb7bd460d9fda6d42016824a340764456f136cf,2,QHS,41,177,0.76044476,0.65536723,0.23955524,0.70400672,0.75355948,0.51775118
original_labels,yolo26n,fold3,precision_fdr_best.pt,original_labels/yolo26n/fold3/weights/precision_fdr_best.pt,50ab26529f94fc91e78a3bc89bb7bd460d9fda6d42016824a340764456f136cf,3,MS,238,377,0.85618350,0.75798195,0.14381650,0.80409557,0.84350664,0.58268660
original_labels,yolo26n,fold3,precision_fdr_best.pt,original_labels/yolo26n/fold3/weights/precision_fdr_best.pt,50ab26529f94fc91e78a3bc89bb7bd460d9fda6d42016824a340764456f136cf,4,A1_SU-35,55,241,0.95997355,0.97510373,0.04002645,0.96747949,0.98645621,0.85510155
original_labels,yolo26n,fold3,precision_fdr_best.pt,original_labels/yolo26n/fold3/weights/precision_fdr_best.pt,50ab26529f94fc91e78a3bc89bb7bd460d9fda6d42016824a340764456f136cf,5,A2_C-130,58,252,0.99367250,0.99603175,0.00632750,0.99485072,0.99404762,0.82574578
original_labels,yolo26n,fold3,precision_fdr_best.pt,original_labels/yolo26n/fold3/weights/precision_fdr_best.pt,50ab26529f94fc91e78a3bc89bb7bd460d9fda6d42016824a340764456f136cf,6,A3_C-17,51,209,0.97209301,0.99999947,0.02790699,0.98584879,0.99075728,0.81574450
original_labels,yolo26n,fold3,precision_fdr_best.pt,original_labels/yolo26n/fold3/weights/precision_fdr_best.pt,50ab26529f94fc91e78a3bc89bb7bd460d9fda6d42016824a340764456f136cf,7,A4_C-5,23,84,1.00000000,0.91334731,0.00000000,0.95471147,0.98557617,0.87999833
original_labels,yolo26n,fold3,precision_fdr_best.pt,original_labels/yolo26n/fold3/weights/precision_fdr_best.pt,50ab26529f94fc91e78a3bc89bb7bd460d9fda6d42016824a340764456f136cf,8,A5_F-16,48,243,0.98200907,0.87242798,0.01799093,0.92398088,0.99059441,0.76661451
original_labels,yolo26n,fold3,precision_fdr_best.pt,original_labels/yolo26n/fold3/weights/precision_fdr_best.pt,50ab26529f94fc91e78a3bc89bb7bd460d9fda6d42016824a340764456f136cf,9,A6_TU-160,17,73,0.99835641,0.95890411,0.00164359,0.97823264,0.99369246,0.83664919
original_labels,yolo26n,fold3,precision_fdr_best.pt,original_labels/yolo26n/fold3/weights/precision_fdr_best.pt,50ab26529f94fc91e78a3bc89bb7bd460d9fda6d42016824a340764456f136cf,10,A7_E-3,32,137,0.97752753,0.97080292,0.02247247,0.97415362,0.99206407,0.85515220
original_labels,yolo26n,fold3,precision_fdr_best.pt,original_labels/yolo26n/fold3/weights/precision_fdr_best.pt,50ab26529f94fc91e78a3bc89bb7bd460d9fda6d42016824a340764456f136cf,11,A8_B-52,33,170,0.99407646,0.98717019,0.00592354,0.99061129,0.99494152,0.85034669
original_labels,yolo26n,fold3,precision_fdr_best.pt,original_labels/yolo26n/fold3/weights/precision_fdr_best.pt,50ab26529f94fc91e78a3bc89bb7bd460d9fda6d42016824a340764456f136cf,12,A9_P-3C,37,193,0.99426638,0.97927461,0.00573362,0.98671355,0.98811779,0.82546187
original_labels,yolo26n,fold3,precision_fdr_best.pt,original_labels/yolo26n/fold3/weights/precision_fdr_best.pt,50ab26529f94fc91e78a3bc89bb7bd460d9fda6d42016824a340764456f136cf,13,A10_B-1B,32,155,0.99794254,1.00000000,0.00205746,0.99897021,0.99500000,0.81275003
original_labels,yolo26n,fold3,precision_fdr_best.pt,original_labels/yolo26n/fold3/weights/precision_fdr_best.pt,50ab26529f94fc91e78a3bc89bb7bd460d9fda6d42016824a340764456f136cf,14,A11_E-8,31,95,0.98744862,0.90526316,0.01255138,0.94457156,0.94658636,0.80142785
original_labels,yolo26n,fold3,precision_fdr_best.pt,original_labels/yolo26n/fold3/weights/precision_fdr_best.pt,50ab26529f94fc91e78a3bc89bb7bd460d9fda6d42016824a340764456f136cf,15,A12_TU-22,38,111,0.96488064,0.99007293,0.03511936,0.97731447,0.99374308,0.84497052
original_labels,yolo26n,fold3,precision_fdr_best.pt,original_labels/yolo26n/fold3/weights/precision_fdr_best.pt,50ab26529f94fc91e78a3bc89bb7bd460d9fda6d42016824a340764456f136cf,16,A13_F-15,42,258,0.98149660,0.92248062,0.01850340,0.95107397,0.95656128,0.75087156
original_labels,yolo26n,fold3,precision_fdr_best.pt,original_labels/yolo26n/fold3/weights/precision_fdr_best.pt,50ab26529f94fc91e78a3bc89bb7bd460d9fda6d42016824a340764456f136cf,17,A14_KC-135,72,263,0.95524443,0.97385335,0.04475557,0.96445914,0.97329735,0.81384730
original_labels,yolo26n,fold3,precision_fdr_best.pt,original_labels/yolo26n/fold3/weights/precision_fdr_best.pt,50ab26529f94fc91e78a3bc89bb7bd460d9fda6d42016824a340764456f136cf,18,A15_F-22,23,115,0.93481009,0.87287634,0.06518991,0.90278225,0.96825638,0.74451340
original_labels,yolo26n,fold3,precision_fdr_best.pt,original_labels/yolo26n/fold3/weights/precision_fdr_best.pt,50ab26529f94fc91e78a3bc89bb7bd460d9fda6d42016824a340764456f136cf,19,A16_FA-18,48,396,0.98986122,0.98484848,0.01013878,0.98734849,0.99414616,0.82324737
original_labels,yolo26n,fold3,precision_fdr_best.pt,original_labels/yolo26n/fold3/weights/precision_fdr_best.pt,50ab26529f94fc91e78a3bc89bb7bd460d9fda6d42016824a340764456f136cf,20,A17_TU-95,60,233,0.99374858,0.99570815,0.00625142,0.99472740,0.99491416,0.89955396
original_labels,yolo26n,fold3,precision_fdr_best.pt,original_labels/yolo26n/fold3/weights/precision_fdr_best.pt,50ab26529f94fc91e78a3bc89bb7bd460d9fda6d42016824a340764456f136cf,21,A18_KC-10,16,52,0.98037877,0.96088217,0.01962123,0.97053256,0.99347578,0.84872789
original_labels,yolo26n,fold3,precision_fdr_best.pt,original_labels/yolo26n/fold3/weights/precision_fdr_best.pt,50ab26529f94fc91e78a3bc89bb7bd460d9fda6d42016824a340764456f136cf,22,A19_SU-34,56,145,0.96341144,0.90797513,0.03658856,0.93487219,0.98567201,0.82078484
original_labels,yolo26n,fold3,precision_fdr_best.pt,original_labels/yolo26n/fold3/weights/precision_fdr_best.pt,50ab26529f94fc91e78a3bc89bb7bd460d9fda6d42016824a340764456f136cf,23,A20_SU-24,40,134,0.89217447,0.98507463,0.10782553,0.93632586,0.98568366,0.83370241
original_labels,yolo26n,fold3,precision_fdr_best.pt,original_labels/yolo26n/fold3/weights/precision_fdr_best.pt,50ab26529f94fc91e78a3bc89bb7bd460d9fda6d42016824a340764456f136cf,24,FSC,13,110,0.66739583,0.32836647,0.33260417,0.44016612,0.43480763,0.23845578
original_labels,yolo26n,fold3,recall_best.pt,original_labels/yolo26n/fold3/weights/recall_best.pt,cbfbf9cda6bfaeec2ee4f767e968b1111f7edd9923603db2a8c76f206d6dbc07,0,HM,3,3,1.00000000,0.60565104,0.00000000,0.75439934,0.99500000,0.66969810
original_labels,yolo26n,fold3,recall_best.pt,original_labels/yolo26n/fold3/weights/recall_best.pt,cbfbf9cda6bfaeec2ee4f767e968b1111f7edd9923603db2a8c76f206d6dbc07,1,LQS,5,5,0.42396176,0.88785978,0.57603824,0.57388690,0.69681818,0.51302568
original_labels,yolo26n,fold3,recall_best.pt,original_labels/yolo26n/fold3/weights/recall_best.pt,cbfbf9cda6bfaeec2ee4f767e968b1111f7edd9923603db2a8c76f206d6dbc07,2,QHS,41,177,0.63741823,0.74491814,0.36258177,0.68698822,0.71266561,0.47147824
original_labels,yolo26n,fold3,recall_best.pt,original_labels/yolo26n/fold3/weights/recall_best.pt,cbfbf9cda6bfaeec2ee4f767e968b1111f7edd9923603db2a8c76f206d6dbc07,3,MS,238,377,0.76422460,0.79045093,0.23577540,0.77711655,0.83141583,0.55094248
original_labels,yolo26n,fold3,recall_best.pt,original_labels/yolo26n/fold3/weights/recall_best.pt,cbfbf9cda6bfaeec2ee4f767e968b1111f7edd9923603db2a8c76f206d6dbc07,4,A1_SU-35,55,241,0.88516812,0.95850622,0.11483188,0.92037854,0.98374148,0.82136167
original_labels,yolo26n,fold3,recall_best.pt,original_labels/yolo26n/fold3/weights/recall_best.pt,cbfbf9cda6bfaeec2ee4f767e968b1111f7edd9923603db2a8c76f206d6dbc07,5,A2_C-130,58,252,0.97016430,0.99206349,0.02983570,0.98099170,0.99331458,0.81416360
original_labels,yolo26n,fold3,recall_best.pt,original_labels/yolo26n/fold3/weights/recall_best.pt,cbfbf9cda6bfaeec2ee4f767e968b1111f7edd9923603db2a8c76f206d6dbc07,6,A3_C-17,51,209,0.95952848,1.00000000,0.04047152,0.97934630,0.99247123,0.77607039
original_labels,yolo26n,fold3,recall_best.pt,original_labels/yolo26n/fold3/weights/recall_best.pt,cbfbf9cda6bfaeec2ee4f767e968b1111f7edd9923603db2a8c76f206d6dbc07,7,A4_C-5,23,84,0.96342456,0.94047619,0.03657544,0.95181208,0.98175979,0.86195070
original_labels,yolo26n,fold3,recall_best.pt,original_labels/yolo26n/fold3/weights/recall_best.pt,cbfbf9cda6bfaeec2ee4f767e968b1111f7edd9923603db2a8c76f206d6dbc07,8,A5_F-16,48,243,0.97311634,0.89376375,0.02688366,0.93175359,0.98790711,0.75218726
original_labels,yolo26n,fold3,recall_best.pt,original_labels/yolo26n/fold3/weights/recall_best.pt,cbfbf9cda6bfaeec2ee4f767e968b1111f7edd9923603db2a8c76f206d6dbc07,9,A6_TU-160,17,73,0.99630838,0.98630137,0.00369162,0.99127962,0.99070312,0.80201796
original_labels,yolo26n,fold3,recall_best.pt,original_labels/yolo26n/fold3/weights/recall_best.pt,cbfbf9cda6bfaeec2ee4f767e968b1111f7edd9923603db2a8c76f206d6dbc07,10,A7_E-3,32,137,0.97357135,0.96350365,0.02642865,0.96851134,0.99279379,0.85834749
original_labels,yolo26n,fold3,recall_best.pt,original_labels/yolo26n/fold3/weights/recall_best.pt,cbfbf9cda6bfaeec2ee4f767e968b1111f7edd9923603db2a8c76f206d6dbc07,11,A8_B-52,33,170,0.94925489,1.00000000,0.05074511,0.97396692,0.99321622,0.84455356
original_labels,yolo26n,fold3,recall_best.pt,original_labels/yolo26n/fold3/weights/recall_best.pt,cbfbf9cda6bfaeec2ee4f767e968b1111f7edd9923603db2a8c76f206d6dbc07,12,A9_P-3C,37,193,0.96708538,0.97927461,0.03291462,0.97314183,0.98311028,0.80693557
original_labels,yolo26n,fold3,recall_best.pt,original_labels/yolo26n/fold3/weights/recall_best.pt,cbfbf9cda6bfaeec2ee4f767e968b1111f7edd9923603db2a8c76f206d6dbc07,13,A10_B-1B,32,155,0.95367653,1.00000000,0.04632347,0.97628908,0.99500000,0.81215365
original_labels,yolo26n,fold3,recall_best.pt,original_labels/yolo26n/fold3/weights/recall_best.pt,cbfbf9cda6bfaeec2ee4f767e968b1111f7edd9923603db2a8c76f206d6dbc07,14,A11_E-8,31,95,0.90878650,0.94391423,0.09121350,0.92601735,0.95858158,0.78876985
original_labels,yolo26n,fold3,recall_best.pt,original_labels/yolo26n/fold3/weights/recall_best.pt,cbfbf9cda6bfaeec2ee4f767e968b1111f7edd9923603db2a8c76f206d6dbc07,15,A12_TU-22,38,111,0.93910123,0.99099099,0.06089877,0.96434859,0.99344775,0.82061373
original_labels,yolo26n,fold3,recall_best.pt,original_labels/yolo26n/fold3/weights/recall_best.pt,cbfbf9cda6bfaeec2ee4f767e968b1111f7edd9923603db2a8c76f206d6dbc07,16,A13_F-15,42,258,0.93474452,0.92635659,0.06525548,0.93053165,0.97327732,0.75490886
original_labels,yolo26n,fold3,recall_best.pt,original_labels/yolo26n/fold3/weights/recall_best.pt,cbfbf9cda6bfaeec2ee4f767e968b1111f7edd9923603db2a8c76f206d6dbc07,17,A14_KC-135,72,263,0.93462522,0.97846519,0.06537478,0.95604289,0.97123599,0.80150964
original_labels,yolo26n,fold3,recall_best.pt,original_labels/yolo26n/fold3/weights/recall_best.pt,cbfbf9cda6bfaeec2ee4f767e968b1111f7edd9923603db2a8c76f206d6dbc07,18,A15_F-22,23,115,0.87608608,0.90434783,0.12391392,0.88999265,0.97009094,0.71594087
original_labels,yolo26n,fold3,recall_best.pt,original_labels/yolo26n/fold3/weights/recall_best.pt,cbfbf9cda6bfaeec2ee4f767e968b1111f7edd9923603db2a8c76f206d6dbc07,19,A16_FA-18,48,396,0.97282218,0.99429886,0.02717782,0.98344328,0.99324646,0.82249767
original_labels,yolo26n,fold3,recall_best.pt,original_labels/yolo26n/fold3/weights/recall_best.pt,cbfbf9cda6bfaeec2ee4f767e968b1111f7edd9923603db2a8c76f206d6dbc07,20,A17_TU-95,60,233,0.98073348,1.00000000,0.01926652,0.99027304,0.99500000,0.85858451
original_labels,yolo26n,fold3,recall_best.pt,original_labels/yolo26n/fold3/weights/recall_best.pt,cbfbf9cda6bfaeec2ee4f767e968b1111f7edd9923603db2a8c76f206d6dbc07,21,A18_KC-10,16,52,0.95177720,0.98076923,0.04822280,0.96605575,0.99170137,0.81237038
original_labels,yolo26n,fold3,recall_best.pt,original_labels/yolo26n/fold3/weights/recall_best.pt,cbfbf9cda6bfaeec2ee4f767e968b1111f7edd9923603db2a8c76f206d6dbc07,22,A19_SU-34,56,145,0.86384958,0.91724138,0.13615042,0.88974522,0.95858398,0.77087426
original_labels,yolo26n,fold3,recall_best.pt,original_labels/yolo26n/fold3/weights/recall_best.pt,cbfbf9cda6bfaeec2ee4f767e968b1111f7edd9923603db2a8c76f206d6dbc07,23,A20_SU-24,40,134,0.87668337,0.97761194,0.12331663,0.92440090,0.96367379,0.78145916
original_labels,yolo26n,fold3,recall_best.pt,original_labels/yolo26n/fold3/weights/recall_best.pt,cbfbf9cda6bfaeec2ee4f767e968b1111f7edd9923603db2a8c76f206d6dbc07,24,FSC,13,110,0.40806678,0.41818182,0.59193322,0.41306239,0.39909654,0.22020676
original_labels,yolo26n,fold4,map_best.pt,original_labels/yolo26n/fold4/weights/map_best.pt,7dbd27f194e97bfefe4744c871d89802c41baf30e2a6d791fec313ea1fe04c16,0,HM,3,3,0.86129709,1.00000000,0.13870291,0.92548051,0.99500000,0.90273200
original_labels,yolo26n,fold4,map_best.pt,original_labels/yolo26n/fold4/weights/map_best.pt,7dbd27f194e97bfefe4744c871d89802c41baf30e2a6d791fec313ea1fe04c16,1,LQS,5,5,0.93014283,1.00000000,0.06985717,0.96380726,0.99500000,0.80162773
original_labels,yolo26n,fold4,map_best.pt,original_labels/yolo26n/fold4/weights/map_best.pt,7dbd27f194e97bfefe4744c871d89802c41baf30e2a6d791fec313ea1fe04c16,2,QHS,41,120,0.82634088,0.71666667,0.17365912,0.76760605,0.76556577,0.50265484
original_labels,yolo26n,fold4,map_best.pt,original_labels/yolo26n/fold4/weights/map_best.pt,7dbd27f194e97bfefe4744c871d89802c41baf30e2a6d791fec313ea1fe04c16,3,MS,237,390,0.84072870,0.77948718,0.15927130,0.80895053,0.84571440,0.56422277
original_labels,yolo26n,fold4,map_best.pt,original_labels/yolo26n/fold4/weights/map_best.pt,7dbd27f194e97bfefe4744c871d89802c41baf30e2a6d791fec313ea1fe04c16,4,A1_SU-35,56,260,0.93362627,0.97381616,0.06637373,0.95329781,0.97487773,0.83855320
original_labels,yolo26n,fold4,map_best.pt,original_labels/yolo26n/fold4/weights/map_best.pt,7dbd27f194e97bfefe4744c871d89802c41baf30e2a6d791fec313ea1fe04c16,5,A2_C-130,57,195,0.99896754,0.97948718,0.00103246,0.98913146,0.99474643,0.79550674
original_labels,yolo26n,fold4,map_best.pt,original_labels/yolo26n/fold4/weights/map_best.pt,7dbd27f194e97bfefe4744c871d89802c41baf30e2a6d791fec313ea1fe04c16,6,A3_C-17,52,133,1.00000000,0.99213559,0.00000000,0.99605227,0.99500000,0.83875874
original_labels,yolo26n,fold4,map_best.pt,original_labels/yolo26n/fold4/weights/map_best.pt,7dbd27f194e97bfefe4744c871d89802c41baf30e2a6d791fec313ea1fe04c16,7,A4_C-5,23,88,0.98246817,0.98863636,0.01753183,0.98554262,0.99322430,0.88004110
original_labels,yolo26n,fold4,map_best.pt,original_labels/yolo26n/fold4/weights/map_best.pt,7dbd27f194e97bfefe4744c871d89802c41baf30e2a6d791fec313ea1fe04c16,8,A5_F-16,48,208,0.99519351,0.99544260,0.00480649,0.99531804,0.99490431,0.76230797
original_labels,yolo26n,fold4,map_best.pt,original_labels/yolo26n/fold4/weights/map_best.pt,7dbd27f194e97bfefe4744c871d89802c41baf30e2a6d791fec313ea1fe04c16,9,A6_TU-160,17,61,0.98584530,1.00000000,0.01415470,0.99287220,0.99500000,0.86183593
original_labels,yolo26n,fold4,map_best.pt,original_labels/yolo26n/fold4/weights/map_best.pt,7dbd27f194e97bfefe4744c871d89802c41baf30e2a6d791fec313ea1fe04c16,10,A7_E-3,32,119,0.98872568,0.98319328,0.01127432,0.98595172,0.98900086,0.84319384
original_labels,yolo26n,fold4,map_best.pt,original_labels/yolo26n/fold4/weights/map_best.pt,7dbd27f194e97bfefe4744c871d89802c41baf30e2a6d791fec313ea1fe04c16,11,A8_B-52,33,177,0.99521536,1.00000000,0.00478464,0.99760194,0.99500000,0.86847313
original_labels,yolo26n,fold4,map_best.pt,original_labels/yolo26n/fold4/weights/map_best.pt,7dbd27f194e97bfefe4744c871d89802c41baf30e2a6d791fec313ea1fe04c16,12,A9_P-3C,38,198,0.96402947,0.99494949,0.03597053,0.97924546,0.99298403,0.80964524
original_labels,yolo26n,fold4,map_best.pt,original_labels/yolo26n/fold4/weights/map_best.pt,7dbd27f194e97bfefe4744c871d89802c41baf30e2a6d791fec313ea1fe04c16,13,A10_B-1B,32,163,0.99594860,1.00000000,0.00405140,0.99797019,0.99500000,0.82225549
original_labels,yolo26n,fold4,map_best.pt,original_labels/yolo26n/fold4/weights/map_best.pt,7dbd27f194e97bfefe4744c871d89802c41baf30e2a6d791fec313ea1fe04c16,14,A11_E-8,31,46,0.91326227,0.91561430,0.08673773,0.91443677,0.90346916,0.75306895
original_labels,yolo26n,fold4,map_best.pt,original_labels/yolo26n/fold4/weights/map_best.pt,7dbd27f194e97bfefe4744c871d89802c41baf30e2a6d791fec313ea1fe04c16,15,A12_TU-22,37,106,0.97940236,0.96226415,0.02059764,0.97075762,0.99293235,0.83760501
original_labels,yolo26n,fold4,map_best.pt,original_labels/yolo26n/fold4/weights/map_best.pt,7dbd27f194e97bfefe4744c871d89802c41baf30e2a6d791fec313ea1fe04c16,16,A13_F-15,42,258,0.94326365,0.99612403,0.05673635,0.96897345,0.97181383,0.76163862
original_labels,yolo26n,fold4,map_best.pt,original_labels/yolo26n/fold4/weights/map_best.pt,7dbd27f194e97bfefe4744c871d89802c41baf30e2a6d791fec313ea1fe04c16,17,A14_KC-135,71,255,0.96684477,0.99607843,0.03315523,0.98124392,0.99010972,0.84042051
original_labels,yolo26n,fold4,map_best.pt,original_labels/yolo26n/fold4/weights/map_best.pt,7dbd27f194e97bfefe4744c871d89802c41baf30e2a6d791fec313ea1fe04c16,18,A15_F-22,23,104,1.00000000,0.88300403,0.00000000,0.93786738,0.95551608,0.75652053
original_labels,yolo26n,fold4,map_best.pt,original_labels/yolo26n/fold4/weights/map_best.pt,7dbd27f194e97bfefe4744c871d89802c41baf30e2a6d791fec313ea1fe04c16,19,A16_FA-18,48,440,0.99315878,0.99090909,0.00684122,0.99203266,0.99488505,0.85075845
original_labels,yolo26n,fold4,map_best.pt,original_labels/yolo26n/fold4/weights/map_best.pt,7dbd27f194e97bfefe4744c871d89802c41baf30e2a6d791fec313ea1fe04c16,20,A17_TU-95,60,234,0.99745806,1.00000000,0.00254194,0.99872741,0.99500000,0.89644820
original_labels,yolo26n,fold4,map_best.pt,original_labels/yolo26n/fold4/weights/map_best.pt,7dbd27f194e97bfefe4744c871d89802c41baf30e2a6d791fec313ea1fe04c16,21,A18_KC-10,16,57,1.00000000,0.96121307,0.00000000,0.98022299,0.98820303,0.85090673
original_labels,yolo26n,fold4,map_best.pt,original_labels/yolo26n/fold4/weights/map_best.pt,7dbd27f194e97bfefe4744c871d89802c41baf30e2a6d791fec313ea1fe04c16,22,A19_SU-34,56,205,0.96931873,0.91219512,0.03068127,0.93988978,0.96066849,0.75763132
original_labels,yolo26n,fold4,map_best.pt,original_labels/yolo26n/fold4/weights/map_best.pt,7dbd27f194e97bfefe4744c871d89802c41baf30e2a6d791fec313ea1fe04c16,23,A20_SU-24,40,162,0.97941957,0.97530864,0.02058043,0.97735978,0.99156558,0.79199051
original_labels,yolo26n,fold4,map_best.pt,original_labels/yolo26n/fold4/weights/map_best.pt,7dbd27f194e97bfefe4744c871d89802c41baf30e2a6d791fec313ea1fe04c16,24,FSC,13,88,0.85330275,0.45454545,0.14669725,0.59313441,0.63034715,0.25613487
original_labels,yolo26n,fold4,precision_fdr_best.pt,original_labels/yolo26n/fold4/weights/precision_fdr_best.pt,da267a1f9dedad152e7d496fa9232b09fdac49f52eea281226f96de27186b508,0,HM,3,3,0.89432321,1.00000000,0.10567679,0.94421396,0.99500000,0.87335692
original_labels,yolo26n,fold4,precision_fdr_best.pt,original_labels/yolo26n/fold4/weights/precision_fdr_best.pt,da267a1f9dedad152e7d496fa9232b09fdac49f52eea281226f96de27186b508,1,LQS,5,5,0.93234265,1.00000000,0.06765735,0.96498688,0.99500000,0.81378184
original_labels,yolo26n,fold4,precision_fdr_best.pt,original_labels/yolo26n/fold4/weights/precision_fdr_best.pt,da267a1f9dedad152e7d496fa9232b09fdac49f52eea281226f96de27186b508,2,QHS,41,120,0.88176161,0.68360607,0.11823839,0.77014186,0.75414727,0.50040838
original_labels,yolo26n,fold4,precision_fdr_best.pt,original_labels/yolo26n/fold4/weights/precision_fdr_best.pt,da267a1f9dedad152e7d496fa9232b09fdac49f52eea281226f96de27186b508,3,MS,237,390,0.87491796,0.72564103,0.12508204,0.79331830,0.85207558,0.56298656
original_labels,yolo26n,fold4,precision_fdr_best.pt,original_labels/yolo26n/fold4/weights/precision_fdr_best.pt,da267a1f9dedad152e7d496fa9232b09fdac49f52eea281226f96de27186b508,4,A1_SU-35,56,260,0.93543912,0.94737753,0.06456088,0.94137047,0.97359030,0.83355487
original_labels,yolo26n,fold4,precision_fdr_best.pt,original_labels/yolo26n/fold4/weights/precision_fdr_best.pt,da267a1f9dedad152e7d496fa9232b09fdac49f52eea281226f96de27186b508,5,A2_C-130,57,195,1.00000000,0.97057558,0.00000000,0.98506811,0.99494872,0.80150265
original_labels,yolo26n,fold4,precision_fdr_best.pt,original_labels/yolo26n/fold4/weights/precision_fdr_best.pt,da267a1f9dedad152e7d496fa9232b09fdac49f52eea281226f96de27186b508,6,A3_C-17,52,133,0.99912757,0.99248120,0.00087243,0.99579330,0.99500000,0.83930758
original_labels,yolo26n,fold4,precision_fdr_best.pt,original_labels/yolo26n/fold4/weights/precision_fdr_best.pt,da267a1f9dedad152e7d496fa9232b09fdac49f52eea281226f96de27186b508,7,A4_C-5,23,88,0.99460352,0.98863636,0.00539648,0.99161097,0.99388889,0.87450464
original_labels,yolo26n,fold4,precision_fdr_best.pt,original_labels/yolo26n/fold4/weights/precision_fdr_best.pt,da267a1f9dedad152e7d496fa9232b09fdac49f52eea281226f96de27186b508,8,A5_F-16,48,208,0.99108219,0.99038462,0.00891781,0.99073328,0.99495169,0.75819502
original_labels,yolo26n,fold4,precision_fdr_best.pt,original_labels/yolo26n/fold4/weights/precision_fdr_best.pt,da267a1f9dedad152e7d496fa9232b09fdac49f52eea281226f96de27186b508,9,A6_TU-160,17,61,0.99803289,1.00000000,0.00196711,0.99901548,0.99500000,0.86575276
original_labels,yolo26n,fold4,precision_fdr_best.pt,original_labels/yolo26n/fold4/weights/precision_fdr_best.pt,da267a1f9dedad152e7d496fa9232b09fdac49f52eea281226f96de27186b508,10,A7_E-3,32,119,0.99846736,0.98319328,0.00153264,0.99077145,0.98884613,0.84522206
original_labels,yolo26n,fold4,precision_fdr_best.pt,original_labels/yolo26n/fold4/weights/precision_fdr_best.pt,da267a1f9dedad152e7d496fa9232b09fdac49f52eea281226f96de27186b508,11,A8_B-52,33,177,1.00000000,0.99371782,0.00000000,0.99684901,0.99500000,0.86460070
original_labels,yolo26n,fold4,precision_fdr_best.pt,original_labels/yolo26n/fold4/weights/precision_fdr_best.pt,da267a1f9dedad152e7d496fa9232b09fdac49f52eea281226f96de27186b508,12,A9_P-3C,38,198,0.97506332,0.98741971,0.02493668,0.98120261,0.99239056,0.81819537
original_labels,yolo26n,fold4,precision_fdr_best.pt,original_labels/yolo26n/fold4/weights/precision_fdr_best.pt,da267a1f9dedad152e7d496fa9232b09fdac49f52eea281226f96de27186b508,13,A10_B-1B,32,163,0.99909918,1.00000000,0.00090082,0.99954939,0.99500000,0.82298804
original_labels,yolo26n,fold4,precision_fdr_best.pt,original_labels/yolo26n/fold4/weights/precision_fdr_best.pt,da267a1f9dedad152e7d496fa9232b09fdac49f52eea281226f96de27186b508,14,A11_E-8,31,46,0.89197492,0.89760775,0.10802508,0.89478247,0.91341978,0.77178900
original_labels,yolo26n,fold4,precision_fdr_best.pt,original_labels/yolo26n/fold4/weights/precision_fdr_best.pt,da267a1f9dedad152e7d496fa9232b09fdac49f52eea281226f96de27186b508,15,A12_TU-22,37,106,1.00000000,0.97230672,0.00000000,0.98595894,0.99490654,0.84507557
original_labels,yolo26n,fold4,precision_fdr_best.pt,original_labels/yolo26n/fold4/weights/precision_fdr_best.pt,da267a1f9dedad152e7d496fa9232b09fdac49f52eea281226f96de27186b508,16,A13_F-15,42,258,0.94757895,0.98088572,0.05242105,0.96394471,0.96698251,0.75276263
original_labels,yolo26n,fold4,precision_fdr_best.pt,original_labels/yolo26n/fold4/weights/precision_fdr_best.pt,da267a1f9dedad152e7d496fa9232b09fdac49f52eea281226f96de27186b508,17,A14_KC-135,71,255,0.98059932,0.99107309,0.01940068,0.98580838,0.98533554,0.83628443
original_labels,yolo26n,fold4,precision_fdr_best.pt,original_labels/yolo26n/fold4/weights/precision_fdr_best.pt,da267a1f9dedad152e7d496fa9232b09fdac49f52eea281226f96de27186b508,18,A15_F-22,23,104,0.98932801,0.89139840,0.01067199,0.93781360,0.94397558,0.74840844
original_labels,yolo26n,fold4,precision_fdr_best.pt,original_labels/yolo26n/fold4/weights/precision_fdr_best.pt,da267a1f9dedad152e7d496fa9232b09fdac49f52eea281226f96de27186b508,19,A16_FA-18,48,440,0.99769421,0.98339102,0.00230579,0.99049098,0.99479637,0.84967250
original_labels,yolo26n,fold4,precision_fdr_best.pt,original_labels/yolo26n/fold4/weights/precision_fdr_best.pt,da267a1f9dedad152e7d496fa9232b09fdac49f52eea281226f96de27186b508,20,A17_TU-95,60,234,0.99778757,0.99572650,0.00221243,0.99675597,0.99500000,0.89329606
original_labels,yolo26n,fold4,precision_fdr_best.pt,original_labels/yolo26n/fold4/weights/precision_fdr_best.pt,da267a1f9dedad152e7d496fa9232b09fdac49f52eea281226f96de27186b508,21,A18_KC-10,16,57,1.00000000,0.94528107,0.00000000,0.97187094,0.98894074,0.85731541
original_labels,yolo26n,fold4,precision_fdr_best.pt,original_labels/yolo26n/fold4/weights/precision_fdr_best.pt,da267a1f9dedad152e7d496fa9232b09fdac49f52eea281226f96de27186b508,22,A19_SU-34,56,205,0.97881224,0.90141018,0.02118776,0.93851802,0.95781047,0.75751051
original_labels,yolo26n,fold4,precision_fdr_best.pt,original_labels/yolo26n/fold4/weights/precision_fdr_best.pt,da267a1f9dedad152e7d496fa9232b09fdac49f52eea281226f96de27186b508,23,A20_SU-24,40,162,0.99912699,0.95061728,0.00087301,0.97426867,0.98845574,0.79044144
original_labels,yolo26n,fold4,precision_fdr_best.pt,original_labels/yolo26n/fold4/weights/precision_fdr_best.pt,da267a1f9dedad152e7d496fa9232b09fdac49f52eea281226f96de27186b508,24,FSC,13,88,0.96962693,0.36279585,0.03037307,0.52802554,0.64300333,0.22684994
original_labels,yolo26n,fold4,recall_best.pt,original_labels/yolo26n/fold4/weights/recall_best.pt,6049cb41d9f246c617f9c3b7fc76a4fd20d00db6c75498f1a877f5e5e3afc36b,0,HM,3,3,0.72317895,1.00000000,0.27682105,0.83935444,0.91250000,0.79081885
original_labels,yolo26n,fold4,recall_best.pt,original_labels/yolo26n/fold4/weights/recall_best.pt,6049cb41d9f246c617f9c3b7fc76a4fd20d00db6c75498f1a877f5e5e3afc36b,1,LQS,5,5,0.83700400,1.00000000,0.16299600,0.91127074,0.99500000,0.79759722
original_labels,yolo26n,fold4,recall_best.pt,original_labels/yolo26n/fold4/weights/recall_best.pt,6049cb41d9f246c617f9c3b7fc76a4fd20d00db6c75498f1a877f5e5e3afc36b,2,QHS,41,120,0.80472241,0.72500000,0.19527759,0.76278381,0.75755214,0.50637118
original_labels,yolo26n,fold4,recall_best.pt,original_labels/yolo26n/fold4/weights/recall_best.pt,6049cb41d9f246c617f9c3b7fc76a4fd20d00db6c75498f1a877f5e5e3afc36b,3,MS,237,390,0.80649326,0.80769231,0.19350674,0.80709234,0.83796760,0.55064368
original_labels,yolo26n,fold4,recall_best.pt,original_labels/yolo26n/fold4/weights/recall_best.pt,6049cb41d9f246c617f9c3b7fc76a4fd20d00db6c75498f1a877f5e5e3afc36b,4,A1_SU-35,56,260,0.92016286,0.97523789,0.07983714,0.94690021,0.97148843,0.83202004
original_labels,yolo26n,fold4,recall_best.pt,original_labels/yolo26n/fold4/weights/recall_best.pt,6049cb41d9f246c617f9c3b7fc76a4fd20d00db6c75498f1a877f5e5e3afc36b,5,A2_C-130,57,195,0.99927009,0.98974359,0.00072991,0.99448403,0.99446602,0.81093589
original_labels,yolo26n,fold4,recall_best.pt,original_labels/yolo26n/fold4/weights/recall_best.pt,6049cb41d9f246c617f9c3b7fc76a4fd20d00db6c75498f1a877f5e5e3afc36b,6,A3_C-17,52,133,0.99858758,0.99248120,0.00141242,0.99552503,0.99500000,0.84196535
original_labels,yolo26n,fold4,recall_best.pt,original_labels/yolo26n/fold4/weights/recall_best.pt,6049cb41d9f246c617f9c3b7fc76a4fd20d00db6c75498f1a877f5e5e3afc36b,7,A4_C-5,23,88,0.98134606,0.98863636,0.01865394,0.98497772,0.99407216,0.87857634
original_labels,yolo26n,fold4,recall_best.pt,original_labels/yolo26n/fold4/weights/recall_best.pt,6049cb41d9f246c617f9c3b7fc76a4fd20d00db6c75498f1a877f5e5e3afc36b,8,A5_F-16,48,208,0.99190031,1.00000000,0.00809969,0.99593369,0.99241627,0.75978812
original_labels,yolo26n,fold4,recall_best.pt,original_labels/yolo26n/fold4/weights/recall_best.pt,6049cb41d9f246c617f9c3b7fc76a4fd20d00db6c75498f1a877f5e5e3afc36b,9,A6_TU-160,17,61,0.95892093,1.00000000,0.04107907,0.97902974,0.99483871,0.87135977
original_labels,yolo26n,fold4,recall_best.pt,original_labels/yolo26n/fold4/weights/recall_best.pt,6049cb41d9f246c617f9c3b7fc76a4fd20d00db6c75498f1a877f5e5e3afc36b,10,A7_E-3,32,119,0.98676233,0.98319328,0.01323767,0.98497457,0.98970372,0.84626779
original_labels,yolo26n,fold4,recall_best.pt,original_labels/yolo26n/fold4/weights/recall_best.pt,6049cb41d9f246c617f9c3b7fc76a4fd20d00db6c75498f1a877f5e5e3afc36b,11,A8_B-52,33,177,0.98734411,1.00000000,0.01265589,0.99363176,0.99500000,0.86745934
original_labels,yolo26n,fold4,recall_best.pt,original_labels/yolo26n/fold4/weights/recall_best.pt,6049cb41d9f246c617f9c3b7fc76a4fd20d00db6c75498f1a877f5e5e3afc36b,12,A9_P-3C,38,198,0.95981197,0.99494949,0.04018803,0.97706493,0.99281285,0.81857054
original_labels,yolo26n,fold4,recall_best.pt,original_labels/yolo26n/fold4/weights/recall_best.pt,6049cb41d9f246c617f9c3b7fc76a4fd20d00db6c75498f1a877f5e5e3afc36b,13,A10_B-1B,32,163,0.99089970,1.00000000,0.00910030,0.99542905,0.99500000,0.82047662
original_labels,yolo26n,fold4,recall_best.pt,original_labels/yolo26n/fold4/weights/recall_best.pt,6049cb41d9f246c617f9c3b7fc76a4fd20d00db6c75498f1a877f5e5e3afc36b,14,A11_E-8,31,46,0.84232563,0.92915859,0.15767437,0.88361396,0.90766656,0.77244762
original_labels,yolo26n,fold4,recall_best.pt,original_labels/yolo26n/fold4/weights/recall_best.pt,6049cb41d9f246c617f9c3b7fc76a4fd20d00db6c75498f1a877f5e5e3afc36b,15,A12_TU-22,37,106,0.98250324,0.99056604,0.01749676,0.98651816,0.99490566,0.84395753
original_labels,yolo26n,fold4,recall_best.pt,original_labels/yolo26n/fold4/weights/recall_best.pt,6049cb41d9f246c617f9c3b7fc76a4fd20d00db6c75498f1a877f5e5e3afc36b,16,A13_F-15,42,258,0.93861996,0.98837209,0.06138004,0.96285376,0.96375541,0.75872926
original_labels,yolo26n,fold4,recall_best.pt,original_labels/yolo26n/fold4/weights/recall_best.pt,6049cb41d9f246c617f9c3b7fc76a4fd20d00db6c75498f1a877f5e5e3afc36b,17,A14_KC-135,71,255,0.97226853,0.98823529,0.02773147,0.98018689,0.98713875,0.83692064
original_labels,yolo26n,fold4,recall_best.pt,original_labels/yolo26n/fold4/weights/recall_best.pt,6049cb41d9f246c617f9c3b7fc76a4fd20d00db6c75498f1a877f5e5e3afc36b,18,A15_F-22,23,104,0.98054425,0.88461538,0.01945575,0.93011291,0.95051316,0.76551114
original_labels,yolo26n,fold4,recall_best.pt,original_labels/yolo26n/fold4/weights/recall_best.pt,6049cb41d9f246c617f9c3b7fc76a4fd20d00db6c75498f1a877f5e5e3afc36b,19,A16_FA-18,48,440,0.99008730,0.99318182,0.00991270,0.99163214,0.99495434,0.85197732
original_labels,yolo26n,fold4,recall_best.pt,original_labels/yolo26n/fold4/weights/recall_best.pt,6049cb41d9f246c617f9c3b7fc76a4fd20d00db6c75498f1a877f5e5e3afc36b,20,A17_TU-95,60,234,0.99415057,1.00000000,0.00584943,0.99706670,0.99500000,0.89467768
original_labels,yolo26n,fold4,recall_best.pt,original_labels/yolo26n/fold4/weights/recall_best.pt,6049cb41d9f246c617f9c3b7fc76a4fd20d00db6c75498f1a877f5e5e3afc36b,21,A18_KC-10,16,57,1.00000000,0.96167512,0.00000000,0.98046319,0.98909231,0.86026225
original_labels,yolo26n,fold4,recall_best.pt,original_labels/yolo26n/fold4/weights/recall_best.pt,6049cb41d9f246c617f9c3b7fc76a4fd20d00db6c75498f1a877f5e5e3afc36b,22,A19_SU-34,56,205,0.96432742,0.91707317,0.03567258,0.94010686,0.96275523,0.76275628
original_labels,yolo26n,fold4,recall_best.pt,original_labels/yolo26n/fold4/weights/recall_best.pt,6049cb41d9f246c617f9c3b7fc76a4fd20d00db6c75498f1a877f5e5e3afc36b,23,A20_SU-24,40,162,0.98137502,0.97576797,0.01862498,0.97856346,0.99414001,0.79919614
original_labels,yolo26n,fold4,recall_best.pt,original_labels/yolo26n/fold4/weights/recall_best.pt,6049cb41d9f246c617f9c3b7fc76a4fd20d00db6c75498f1a877f5e5e3afc36b,24,FSC,13,88,0.72107863,0.48863636,0.27892137,0.58252604,0.62809223,0.20001592
original_labels,yolo26s,fold4,map_best.pt,original_labels/yolo26s/fold4/weights/map_best.pt,5d6f12645515c8c918a6a34af52b833c5ad08950b412a7812511b08c4cd13b69,0,HM,3,3,0.82882050,1.00000000,0.17117950,0.90639896,0.99500000,0.93436000
original_labels,yolo26s,fold4,map_best.pt,original_labels/yolo26s/fold4/weights/map_best.pt,5d6f12645515c8c918a6a34af52b833c5ad08950b412a7812511b08c4cd13b69,1,LQS,5,5,1.00000000,0.84309037,0.00000000,0.91486602,0.99500000,0.80238636
original_labels,yolo26s,fold4,map_best.pt,original_labels/yolo26s/fold4/weights/map_best.pt,5d6f12645515c8c918a6a34af52b833c5ad08950b412a7812511b08c4cd13b69,2,QHS,41,120,0.86271794,0.67500000,0.13728206,0.75740107,0.77419110,0.50915031
original_labels,yolo26s,fold4,map_best.pt,original_labels/yolo26s/fold4/weights/map_best.pt,5d6f12645515c8c918a6a34af52b833c5ad08950b412a7812511b08c4cd13b69,3,MS,237,390,0.82573545,0.80188467,0.17426455,0.81363530,0.84267335,0.55671718
original_labels,yolo26s,fold4,map_best.pt,original_labels/yolo26s/fold4/weights/map_best.pt,5d6f12645515c8c918a6a34af52b833c5ad08950b412a7812511b08c4cd13b69,4,A1_SU-35,56,260,0.92804443,0.97692308,0.07195557,0.95185668,0.97370854,0.84628364
original_labels,yolo26s,fold4,map_best.pt,original_labels/yolo26s/fold4/weights/map_best.pt,5d6f12645515c8c918a6a34af52b833c5ad08950b412a7812511b08c4cd13b69,5,A2_C-130,57,195,0.99589352,0.99487179,0.00410648,0.99538240,0.99500000,0.78400186
original_labels,yolo26s,fold4,map_best.pt,original_labels/yolo26s/fold4/weights/map_best.pt,5d6f12645515c8c918a6a34af52b833c5ad08950b412a7812511b08c4cd13b69,6,A3_C-17,52,133,0.99246683,0.99058414,0.00753317,0.99152459,0.99492481,0.84666849
original_labels,yolo26s,fold4,map_best.pt,original_labels/yolo26s/fold4/weights/map_best.pt,5d6f12645515c8c918a6a34af52b833c5ad08950b412a7812511b08c4cd13b69,7,A4_C-5,23,88,0.98307305,0.98863636,0.01692695,0.98584686,0.99455051,0.87684566
original_labels,yolo26s,fold4,map_best.pt,original_labels/yolo26s/fold4/weights/map_best.pt,5d6f12645515c8c918a6a34af52b833c5ad08950b412a7812511b08c4cd13b69,8,A5_F-16,48,208,0.99111921,0.99519231,0.00888079,0.99315159,0.99384615,0.78111515
original_labels,yolo26s,fold4,map_best.pt,original_labels/yolo26s/fold4/weights/map_best.pt,5d6f12645515c8c918a6a34af52b833c5ad08950b412a7812511b08c4cd13b69,9,A6_TU-160,17,61,0.98580024,1.00000000,0.01419976,0.99284935,0.99500000,0.85351407
original_labels,yolo26s,fold4,map_best.pt,original_labels/yolo26s/fold4/weights/map_best.pt,5d6f12645515c8c918a6a34af52b833c5ad08950b412a7812511b08c4cd13b69,10,A7_E-3,32,119,0.96911051,0.97478992,0.03088949,0.97194192,0.98932588,0.84634160
original_labels,yolo26s,fold4,map_best.pt,original_labels/yolo26s/fold4/weights/map_best.pt,5d6f12645515c8c918a6a34af52b833c5ad08950b412a7812511b08c4cd13b69,11,A8_B-52,33,177,0.99435995,0.99607183,0.00564005,0.99521516,0.99500000,0.86954224
original_labels,yolo26s,fold4,map_best.pt,original_labels/yolo26s/fold4/weights/map_best.pt,5d6f12645515c8c918a6a34af52b833c5ad08950b412a7812511b08c4cd13b69,12,A9_P-3C,38,198,0.97523241,0.99432962,0.02476759,0.98468843,0.99449992,0.81420747
original_labels,yolo26s,fold4,map_best.pt,original_labels/yolo26s/fold4/weights/map_best.pt,5d6f12645515c8c918a6a34af52b833c5ad08950b412a7812511b08c4cd13b69,13,A10_B-1B,32,163,0.99672652,0.99386503,0.00327348,0.99529372,0.99500000,0.83148362
original_labels,yolo26s,fold4,map_best.pt,original_labels/yolo26s/fold4/weights/map_best.pt,5d6f12645515c8c918a6a34af52b833c5ad08950b412a7812511b08c4cd13b69,14,A11_E-8,31,46,0.87373342,0.91304348,0.12626658,0.89295603,0.94501220,0.78302019
original_labels,yolo26s,fold4,map_best.pt,original_labels/yolo26s/fold4/weights/map_best.pt,5d6f12645515c8c918a6a34af52b833c5ad08950b412a7812511b08c4cd13b69,15,A12_TU-22,37,106,0.98134956,0.99280908,0.01865044,0.98704606,0.99471958,0.85635365
original_labels,yolo26s,fold4,map_best.pt,original_labels/yolo26s/fold4/weights/map_best.pt,5d6f12645515c8c918a6a34af52b833c5ad08950b412a7812511b08c4cd13b69,16,A13_F-15,42,258,0.93403005,0.99612403,0.06596995,0.96407824,0.96157669,0.75598353
original_labels,yolo26s,fold4,map_best.pt,original_labels/yolo26s/fold4/weights/map_best.pt,5d6f12645515c8c918a6a34af52b833c5ad08950b412a7812511b08c4cd13b69,17,A14_KC-135,71,255,0.95818874,0.98857785,0.04181126,0.97314611,0.98551243,0.82962101
original_labels,yolo26s,fold4,map_best.pt,original_labels/yolo26s/fold4/weights/map_best.pt,5d6f12645515c8c918a6a34af52b833c5ad08950b412a7812511b08c4cd13b69,18,A15_F-22,23,104,1.00000000,0.89954161,0.00000000,0.94711440,0.94325391,0.76416828
original_labels,yolo26s,fold4,map_best.pt,original_labels/yolo26s/fold4/weights/map_best.pt,5d6f12645515c8c918a6a34af52b833c5ad08950b412a7812511b08c4cd13b69,19,A16_FA-18,48,440,0.98687544,0.99545455,0.01312456,0.99114643,0.99483969,0.84567567
original_labels,yolo26s,fold4,map_best.pt,original_labels/yolo26s/fold4/weights/map_best.pt,5d6f12645515c8c918a6a34af52b833c5ad08950b412a7812511b08c4cd13b69,20,A17_TU-95,60,234,0.98692957,1.00000000,0.01307043,0.99342179,0.99500000,0.91633760
original_labels,yolo26s,fold4,map_best.pt,original_labels/yolo26s/fold4/weights/map_best.pt,5d6f12645515c8c918a6a34af52b833c5ad08950b412a7812511b08c4cd13b69,21,A18_KC-10,16,57,0.97320687,0.94736842,0.02679313,0.96011384,0.97558854,0.83753567
original_labels,yolo26s,fold4,map_best.pt,original_labels/yolo26s/fold4/weights/map_best.pt,5d6f12645515c8c918a6a34af52b833c5ad08950b412a7812511b08c4cd13b69,22,A19_SU-34,56,205,0.96947361,0.92952439,0.03052639,0.94907879,0.96964356,0.79265178
original_labels,yolo26s,fold4,map_best.pt,original_labels/yolo26s/fold4/weights/map_best.pt,5d6f12645515c8c918a6a34af52b833c5ad08950b412a7812511b08c4cd13b69,23,A20_SU-24,40,162,0.98866804,0.99382716,0.01133196,0.99124089,0.99475309,0.82970492
original_labels,yolo26s,fold4,map_best.pt,original_labels/yolo26s/fold4/weights/map_best.pt,5d6f12645515c8c918a6a34af52b833c5ad08950b412a7812511b08c4cd13b69,24,FSC,13,88,0.88741464,0.57954545,0.11258536,0.70117397,0.75216620,0.29082154
original_labels,yolo26s,fold4,precision_fdr_best.pt,original_labels/yolo26s/fold4/weights/precision_fdr_best.pt,43c87226a9043bdcc95038ea21531caa17d170668bb854399efe46f49ab96aa0,0,HM,3,3,1.00000000,1.00000000,0.00000000,1.00000000,0.99500000,0.80766333
original_labels,yolo26s,fold4,precision_fdr_best.pt,original_labels/yolo26s/fold4/weights/precision_fdr_best.pt,43c87226a9043bdcc95038ea21531caa17d170668bb854399efe46f49ab96aa0,1,LQS,5,5,0.99565189,1.00000000,0.00434811,0.99782121,0.99500000,0.78000000
original_labels,yolo26s,fold4,precision_fdr_best.pt,original_labels/yolo26s/fold4/weights/precision_fdr_best.pt,43c87226a9043bdcc95038ea21531caa17d170668bb854399efe46f49ab96aa0,2,QHS,41,120,0.85990769,0.68333333,0.14009231,0.76151888,0.74449581,0.48068960
original_labels,yolo26s,fold4,precision_fdr_best.pt,original_labels/yolo26s/fold4/weights/precision_fdr_best.pt,43c87226a9043bdcc95038ea21531caa17d170668bb854399efe46f49ab96aa0,3,MS,237,390,0.81917586,0.79487179,0.18082414,0.80684084,0.83560738,0.54406538
original_labels,yolo26s,fold4,precision_fdr_best.pt,original_labels/yolo26s/fold4/weights/precision_fdr_best.pt,43c87226a9043bdcc95038ea21531caa17d170668bb854399efe46f49ab96aa0,4,A1_SU-35,56,260,0.95376160,0.95202113,0.04623840,0.95289057,0.97143390,0.84457331
original_labels,yolo26s,fold4,precision_fdr_best.pt,original_labels/yolo26s/fold4/weights/precision_fdr_best.pt,43c87226a9043bdcc95038ea21531caa17d170668bb854399efe46f49ab96aa0,5,A2_C-130,57,195,1.00000000,0.98806171,0.00000000,0.99399501,0.99484772,0.79138042
original_labels,yolo26s,fold4,precision_fdr_best.pt,original_labels/yolo26s/fold4/weights/precision_fdr_best.pt,43c87226a9043bdcc95038ea21531caa17d170668bb854399efe46f49ab96aa0,6,A3_C-17,52,133,0.97801626,0.99248120,0.02198374,0.98519564,0.99469923,0.84081045
original_labels,yolo26s,fold4,precision_fdr_best.pt,original_labels/yolo26s/fold4/weights/precision_fdr_best.pt,43c87226a9043bdcc95038ea21531caa17d170668bb854399efe46f49ab96aa0,7,A4_C-5,23,88,0.99599385,0.98863636,0.00400615,0.99230147,0.99467033,0.87272751
original_labels,yolo26s,fold4,precision_fdr_best.pt,original_labels/yolo26s/fold4/weights/precision_fdr_best.pt,43c87226a9043bdcc95038ea21531caa17d170668bb854399efe46f49ab96aa0,8,A5_F-16,48,208,0.99042405,0.99450527,0.00957595,0.99246046,0.99326087,0.78310796
original_labels,yolo26s,fold4,precision_fdr_best.pt,original_labels/yolo26s/fold4/weights/precision_fdr_best.pt,43c87226a9043bdcc95038ea21531caa17d170668bb854399efe46f49ab96aa0,9,A6_TU-160,17,61,0.98992804,1.00000000,0.01007196,0.99493853,0.99500000,0.85777089
original_labels,yolo26s,fold4,precision_fdr_best.pt,original_labels/yolo26s/fold4/weights/precision_fdr_best.pt,43c87226a9043bdcc95038ea21531caa17d170668bb854399efe46f49ab96aa0,10,A7_E-3,32,119,0.99862063,0.98319328,0.00137937,0.99084691,0.99031412,0.84449049
original_labels,yolo26s,fold4,precision_fdr_best.pt,original_labels/yolo26s/fold4/weights/precision_fdr_best.pt,43c87226a9043bdcc95038ea21531caa17d170668bb854399efe46f49ab96aa0,11,A8_B-52,33,177,0.99436643,0.99722533,0.00563357,0.99579383,0.99500000,0.87251956
original_labels,yolo26s,fold4,precision_fdr_best.pt,original_labels/yolo26s/fold4/weights/precision_fdr_best.pt,43c87226a9043bdcc95038ea21531caa17d170668bb854399efe46f49ab96aa0,12,A9_P-3C,38,198,0.98709787,0.99494949,0.01290213,0.99100813,0.99469645,0.81365474
original_labels,yolo26s,fold4,precision_fdr_best.pt,original_labels/yolo26s/fold4/weights/precision_fdr_best.pt,43c87226a9043bdcc95038ea21531caa17d170668bb854399efe46f49ab96aa0,13,A10_B-1B,32,163,0.99146024,1.00000000,0.00853976,0.99571181,0.99493902,0.83373396
original_labels,yolo26s,fold4,precision_fdr_best.pt,original_labels/yolo26s/fold4/weights/precision_fdr_best.pt,43c87226a9043bdcc95038ea21531caa17d170668bb854399efe46f49ab96aa0,14,A11_E-8,31,46,0.90892252,0.86956522,0.09107748,0.88880839,0.93932674,0.77837434
original_labels,yolo26s,fold4,precision_fdr_best.pt,original_labels/yolo26s/fold4/weights/precision_fdr_best.pt,43c87226a9043bdcc95038ea21531caa17d170668bb854399efe46f49ab96aa0,15,A12_TU-22,37,106,0.99419945,0.99056604,0.00580055,0.99237942,0.99500000,0.86622516
original_labels,yolo26s,fold4,precision_fdr_best.pt,original_labels/yolo26s/fold4/weights/precision_fdr_best.pt,43c87226a9043bdcc95038ea21531caa17d170668bb854399efe46f49ab96aa0,16,A13_F-15,42,258,0.94163624,0.99224806,0.05836376,0.96627987,0.95912405,0.76433158
original_labels,yolo26s,fold4,precision_fdr_best.pt,original_labels/yolo26s/fold4/weights/precision_fdr_best.pt,43c87226a9043bdcc95038ea21531caa17d170668bb854399efe46f49ab96aa0,17,A14_KC-135,71,255,0.94999775,0.98823529,0.05000225,0.96873934,0.98392168,0.83255444
original_labels,yolo26s,fold4,precision_fdr_best.pt,original_labels/yolo26s/fold4/weights/precision_fdr_best.pt,43c87226a9043bdcc95038ea21531caa17d170668bb854399efe46f49ab96aa0,18,A15_F-22,23,104,0.99908401,0.89423077,0.00091599,0.94375396,0.94239167,0.75393412
original_labels,yolo26s,fold4,precision_fdr_best.pt,original_labels/yolo26s/fold4/weights/precision_fdr_best.pt,43c87226a9043bdcc95038ea21531caa17d170668bb854399efe46f49ab96aa0,19,A16_FA-18,48,440,0.99356511,0.99090909,0.00643489,0.99223532,0.99486196,0.84712877
original_labels,yolo26s,fold4,precision_fdr_best.pt,original_labels/yolo26s/fold4/weights/precision_fdr_best.pt,43c87226a9043bdcc95038ea21531caa17d170668bb854399efe46f49ab96aa0,20,A17_TU-95,60,234,0.99442935,1.00000000,0.00557065,0.99720689,0.99500000,0.91602347
original_labels,yolo26s,fold4,precision_fdr_best.pt,original_labels/yolo26s/fold4/weights/precision_fdr_best.pt,43c87226a9043bdcc95038ea21531caa17d170668bb854399efe46f49ab96aa0,21,A18_KC-10,16,57,1.00000000,0.91642075,0.00000000,0.95638784,0.98602171,0.85077124
original_labels,yolo26s,fold4,precision_fdr_best.pt,original_labels/yolo26s/fold4/weights/precision_fdr_best.pt,43c87226a9043bdcc95038ea21531caa17d170668bb854399efe46f49ab96aa0,22,A19_SU-34,56,205,0.97053752,0.92682927,0.02946248,0.94817995,0.96683663,0.78526848
original_labels,yolo26s,fold4,precision_fdr_best.pt,original_labels/yolo26s/fold4/weights/precision_fdr_best.pt,43c87226a9043bdcc95038ea21531caa17d170668bb854399efe46f49ab96aa0,23,A20_SU-24,40,162,0.98772483,0.99340055,0.01227517,0.99055456,0.99487730,0.83398528
original_labels,yolo26s,fold4,precision_fdr_best.pt,original_labels/yolo26s/fold4/weights/precision_fdr_best.pt,43c87226a9043bdcc95038ea21531caa17d170668bb854399efe46f49ab96aa0,24,FSC,13,88,0.89192733,0.51136364,0.10807267,0.65004224,0.70923475,0.23886924
original_labels,yolo26s,fold4,recall_best.pt,original_labels/yolo26s/fold4/weights/recall_best.pt,887c7c6469a484df02833e13fbc61f91fc4031e6deba636f3b88a0fda5247842,0,HM,3,3,1.00000000,1.00000000,0.00000000,1.00000000,0.99500000,0.80766333
original_labels,yolo26s,fold4,recall_best.pt,original_labels/yolo26s/fold4/weights/recall_best.pt,887c7c6469a484df02833e13fbc61f91fc4031e6deba636f3b88a0fda5247842,1,LQS,5,5,1.00000000,0.98671848,0.00000000,0.99331484,0.99500000,0.77927083
original_labels,yolo26s,fold4,recall_best.pt,original_labels/yolo26s/fold4/weights/recall_best.pt,887c7c6469a484df02833e13fbc61f91fc4031e6deba636f3b88a0fda5247842,2,QHS,41,120,0.79952366,0.70833333,0.20047634,0.75117105,0.75410548,0.48422848
original_labels,yolo26s,fold4,recall_best.pt,original_labels/yolo26s/fold4/weights/recall_best.pt,887c7c6469a484df02833e13fbc61f91fc4031e6deba636f3b88a0fda5247842,3,MS,237,390,0.80064698,0.81025641,0.19935302,0.80542303,0.83314407,0.54803879
original_labels,yolo26s,fold4,recall_best.pt,original_labels/yolo26s/fold4/weights/recall_best.pt,887c7c6469a484df02833e13fbc61f91fc4031e6deba636f3b88a0fda5247842,4,A1_SU-35,56,260,0.93566759,0.97692308,0.06433241,0.95585038,0.97125890,0.84547799
original_labels,yolo26s,fold4,recall_best.pt,original_labels/yolo26s/fold4/weights/recall_best.pt,887c7c6469a484df02833e13fbc61f91fc4031e6deba636f3b88a0fda5247842,5,A2_C-130,57,195,0.99205490,0.98974359,0.00794510,0.99089790,0.99489796,0.79215130
original_labels,yolo26s,fold4,recall_best.pt,original_labels/yolo26s/fold4/weights/recall_best.pt,887c7c6469a484df02833e13fbc61f91fc4031e6deba636f3b88a0fda5247842,6,A3_C-17,52,133,0.96200914,0.99248120,0.03799086,0.97700763,0.99484962,0.84429775
original_labels,yolo26s,fold4,recall_best.pt,original_labels/yolo26s/fold4/weights/recall_best.pt,887c7c6469a484df02833e13fbc61f91fc4031e6deba636f3b88a0fda5247842,7,A4_C-5,23,88,0.99290058,0.98863636,0.00709942,0.99076388,0.99467033,0.87184292
original_labels,yolo26s,fold4,recall_best.pt,original_labels/yolo26s/fold4/weights/recall_best.pt,887c7c6469a484df02833e13fbc61f91fc4031e6deba636f3b88a0fda5247842,8,A5_F-16,48,208,0.98481234,0.99519231,0.01518766,0.98997512,0.99321256,0.78332063
original_labels,yolo26s,fold4,recall_best.pt,original_labels/yolo26s/fold4/weights/recall_best.pt,887c7c6469a484df02833e13fbc61f91fc4031e6deba636f3b88a0fda5247842,9,A6_TU-160,17,61,0.98671479,1.00000000,0.01328521,0.99331298,0.99500000,0.85473299
original_labels,yolo26s,fold4,recall_best.pt,original_labels/yolo26s/fold4/weights/recall_best.pt,887c7c6469a484df02833e13fbc61f91fc4031e6deba636f3b88a0fda5247842,10,A7_E-3,32,119,0.99654499,0.98319328,0.00345501,0.98982411,0.99031412,0.84444058
original_labels,yolo26s,fold4,recall_best.pt,original_labels/yolo26s/fold4/weights/recall_best.pt,887c7c6469a484df02833e13fbc61f91fc4031e6deba636f3b88a0fda5247842,11,A8_B-52,33,177,0.99437384,0.99854369,0.00562616,0.99645440,0.99500000,0.87030414
original_labels,yolo26s,fold4,recall_best.pt,original_labels/yolo26s/fold4/weights/recall_best.pt,887c7c6469a484df02833e13fbc61f91fc4031e6deba636f3b88a0fda5247842,12,A9_P-3C,38,198,0.97082489,0.99494949,0.02917511,0.98273916,0.99449486,0.81435534
original_labels,yolo26s,fold4,recall_best.pt,original_labels/yolo26s/fold4/weights/recall_best.pt,887c7c6469a484df02833e13fbc61f91fc4031e6deba636f3b88a0fda5247842,13,A10_B-1B,32,163,0.99425507,1.00000000,0.00574493,0.99711926,0.99500000,0.83414825
original_labels,yolo26s,fold4,recall_best.pt,original_labels/yolo26s/fold4/weights/recall_best.pt,887c7c6469a484df02833e13fbc61f91fc4031e6deba636f3b88a0fda5247842,14,A11_E-8,31,46,0.88987647,0.87845349,0.11012353,0.88412809,0.93890840,0.78134682
original_labels,yolo26s,fold4,recall_best.pt,original_labels/yolo26s/fold4/weights/recall_best.pt,887c7c6469a484df02833e13fbc61f91fc4031e6deba636f3b88a0fda5247842,15,A12_TU-22,37,106,0.99276072,0.99056604,0.00723928,0.99166217,0.99500000,0.85967307
original_labels,yolo26s,fold4,recall_best.pt,original_labels/yolo26s/fold4/weights/recall_best.pt,887c7c6469a484df02833e13fbc61f91fc4031e6deba636f3b88a0fda5247842,16,A13_F-15,42,258,0.93469152,0.99851128,0.06530848,0.96554797,0.95842788,0.76026121
original_labels,yolo26s,fold4,recall_best.pt,original_labels/yolo26s/fold4/weights/recall_best.pt,887c7c6469a484df02833e13fbc61f91fc4031e6deba636f3b88a0fda5247842,17,A14_KC-135,71,255,0.95540699,0.98039216,0.04459301,0.96773833,0.98331758,0.83355657
original_labels,yolo26s,fold4,recall_best.pt,original_labels/yolo26s/fold4/weights/recall_best.pt,887c7c6469a484df02833e13fbc61f91fc4031e6deba636f3b88a0fda5247842,18,A15_F-22,23,104,0.98691561,0.89423077,0.01308439,0.93828988,0.94114869,0.75143763
original_labels,yolo26s,fold4,recall_best.pt,original_labels/yolo26s/fold4/weights/recall_best.pt,887c7c6469a484df02833e13fbc61f91fc4031e6deba636f3b88a0fda5247842,19,A16_FA-18,48,440,0.99093541,0.99381405,0.00906459,0.99237264,0.99486249,0.84718821
original_labels,yolo26s,fold4,recall_best.pt,original_labels/yolo26s/fold4/weights/recall_best.pt,887c7c6469a484df02833e13fbc61f91fc4031e6deba636f3b88a0fda5247842,20,A17_TU-95,60,234,0.98802379,1.00000000,0.01197621,0.99397582,0.99500000,0.91743446
original_labels,yolo26s,fold4,recall_best.pt,original_labels/yolo26s/fold4/weights/recall_best.pt,887c7c6469a484df02833e13fbc61f91fc4031e6deba636f3b88a0fda5247842,21,A18_KC-10,16,57,1.00000000,0.93242095,0.00000000,0.96502882,0.98735026,0.85260481
original_labels,yolo26s,fold4,recall_best.pt,original_labels/yolo26s/fold4/weights/recall_best.pt,887c7c6469a484df02833e13fbc61f91fc4031e6deba636f3b88a0fda5247842,22,A19_SU-34,56,205,0.94808687,0.93170732,0.05191313,0.93982573,0.96423389,0.78357403
original_labels,yolo26s,fold4,recall_best.pt,original_labels/yolo26s/fold4/weights/recall_best.pt,887c7c6469a484df02833e13fbc61f91fc4031e6deba636f3b88a0fda5247842,23,A20_SU-24,40,162,0.98417961,0.99382716,0.01582039,0.98897986,0.99487730,0.83484829
original_labels,yolo26s,fold4,recall_best.pt,original_labels/yolo26s/fold4/weights/recall_best.pt,887c7c6469a484df02833e13fbc61f91fc4031e6deba636f3b88a0fda5247842,24,FSC,13,88,0.83672690,0.55681818,0.16327310,0.66866118,0.71523829,0.24489509
